search_keyword,name,price,storage,update_time,used_flag,storage_gb,condition,brand
아이폰 13,아이폰13 스타라이트 128GB 정직한창고,380000,128GB,1784690382,1,128,B,Apple
아이폰 13,아이폰 13미니 블랙 미드나잇 128GB 팝니다,330000,128GB,1784690526,1,128,B,Apple
아이폰 13,아이폰13미니 256GB 화이트 배터리 100% 팝니다,420000,256GB,1784690526,1,256,B,Apple
아이폰 13,아이폰13 미니 128기가 블랙 배터리100%,290000,128기가,1784690160,1,128,B,Apple
아이폰 13,아이폰13미니 128GB 판매합니다 (배터리100%),370000,128GB,1784690275,1,128,B,Apple
아이폰 13,아이폰13미니. 256기가 화이트,330000,256기가,1784689176,1,256,B,Apple
아이폰 13,아이폰13미니.256기가 화이트,370000,256기가,1784689179,1,256,B,Apple
아이폰 13,아이폰13미니 256기가  화이트,360000,256기가,1784688300,1,256,B,Apple
아이폰 13,S급. 아이폰13미니 128기가 핑크 부산중고폰 77259 경주 서울,333000,128기가,1784687770,1,128,A,Apple
아이폰 13,풀박스 아이폰13프로 256GB 팔아요,410000,256GB,1784684365,1,256,S,Apple
아이폰 13,아이폰 13 미니 256기가 화이트,375000,256기가,1784686864,1,256,B,Apple
아이폰 13,아이폰 13미니 128GB 화이트 SSS급,365000,128GB,1784686829,1,128,A,Apple
아이폰 13,아이폰 13 미니 미드나이트 256gb 배터리 교체,330000,256gb,1784686761,1,256,B,Apple
아이폰 13,아이폰 13미니 128GB S급,380000,128GB,1784685047,1,128,A,Apple
아이폰 13,애플 아이폰 13 미니 128GB,260000,128GB,1784685031,1,128,B,Apple
아이폰 13,아이폰13 128기가 화이트 부산중고폰 02232서울 김해 인천 양산,390000,128기가,1784686666,1,128,B,Apple
아이폰 13,(풀박스)아이폰 13 mini 미니 미드나이트블루 128gb,320000,128gb,1784679542,2,128,S,Apple
아이폰 13,아이폰13미니 128기가 배터리성능100프로,350000,128기가,1784685806,1,128,B,Apple
아이폰 13,아이폰13미니 128기가 블랙 배터리성능90프로,350000,128기가,1784685772,1,128,B,Apple
아이폰 13,아이폰13미니 128기가 블랙 배터리성능100프로,350000,128기가,1784685696,1,128,B,Apple
아이폰 13,A급 아이폰 13 미니 256gb,380000,256gb,1784676862,1,256,B,Apple
아이폰 13 프로,아이폰13프로 그래파이트 128GB,400000,128GB,1784626533,1,128,B,Apple
아이폰 13 프로,아이폰 13프로 128gb 풀박스,400000,128gb,1784648702,1,128,S,Apple
아이폰 13 프로,아이폰 13프로 시에라블루 128GB,420000,128GB,1784650703,1,128,B,Apple
아이폰 13 프로,아이폰 13 pro 128GB,380000,128GB,1784628215,1,128,B,Apple
아이폰 13 프로,아이폰 13프로 골드 128GB,350000,128GB,1784634030,1,128,B,Apple
아이폰 13 프로,아이폰 13프로 로 128기가,440000,128기가,1784626251,1,128,B,Apple
아이폰 13 프로,아이폰13프로512기가,400000,512기가,1784609829,1,512,B,Apple
아이폰 13 프로,아이폰13프로 그래파이트 128기가,440000,128기가,1784637086,1,128,B,Apple
아이폰 13 프로,아이폰13프로 256기가 블루 (S급) / 1212,370000,256기가,1784619507,1,256,A,Apple
아이폰 13 프로맥스,아이폰13프로맥스 블루 128GB 가성비좋은 중고32만5천팝니다.,325000,128GB,1784630544,1,128,B,Apple
아이폰 13 프로맥스,아이폰13프로맥스 256기가 실버 / 0624,620000,256기가,1784619471,1,256,B,Apple
아이폰 13 프로맥스,아이폰 13프로맥스 128기가 완전 A급 시에라블루,620000,128기가,1784645797,1,128,B,Apple
아이폰 13 프로맥스,아이폰13 프로맥스 알파인그린 128기가,380000,128기가,1784534851,1,128,B,Apple
아이폰 13 프로맥스,[판매완료] 아이폰 13 프로맥스 256gb 시에라 블루,650000,256gb,1784496724,1,256,B,Apple
아이폰 13 프로맥스,아이폰13프로맥스 128GB,500000,128GB,1784387650,1,128,B,Apple
아이폰 13 프로맥스,(택포)아이폰 13 프로맥스 512GB 시에라 블루,700000,512GB,1784567114,1,512,B,Apple
아이폰 13 프로맥스,아이폰13프로맥스 256GB  부산 울산 김해 강릉 제천 평택 안산 대전 천안 대구 양산 구미 춘천 인천 광주 목포,650000,256GB,1784354055,1,256,B,Apple
아이폰 13 프로맥스,아이폰13 프로맥스 256GB 시에라블루 판매합니다,700000,256GB,1784567844,1,256,B,Apple
아이폰 13 프로맥스,아이폰13프로맥스 그라파이트 256기가 상태s급,670000,256기가,1783782085,1,256,B,Apple
아이폰 13 프로맥스,아이폰 13프로맥스 128기가,500000,128기가,1782970180,1,128,B,Apple
아이폰 13 프로맥스,아이폰13프로맥스 128기가 시에라블루,560000,128기가,1783352371,1,128,B,Apple
아이폰 13 프로맥스,아이폰 13 프로맥스 시에라 블루 256GB,520000,256GB,1783996396,1,256,B,Apple
아이폰 13 프로맥스,아이폰 13 프로맥스 128GB,595000,128GB,1781615398,1,128,B,Apple
아이폰 13 프로맥스,아이폰 13프로맥스 256gb 시에라블루,560000,256gb,1779976956,1,256,B,Apple
아이폰 13 프로맥스,아이폰13프로맥스 128GB 골드 배터리100 부산 양산 김해 울산 강릉,700000,128GB,1784266090,1,128,B,Apple
아이폰 13 프로맥스,아이폰13프로맥스 128GB 배터리100 대전 춘천 사천 삼천포 거제,700000,128GB,1783522987,1,128,B,Apple
아이폰 13 프로맥스,아이폰 13 프로맥스 256gb 그라파이트 팝니다,600000,256gb,1776129512,1,256,B,Apple
아이폰 13 프로맥스,아이폰13 pro max 128gb,480000,128gb,1784394624,1,128,B,Apple
아이폰 13 프로맥스,애플 아이폰 13 프로 맥스 256기가 시에라 블루,600000,256기가,1783511339,1,256,B,Apple
아이폰 13 프로맥스,아이폰 13 Pro Max 256 GB,550000,256 GB,1782508235,1,256,B,Apple
아이폰 13 프로맥스,아이폰 13 Pro Max 시에라 블루 128GB,530000,128GB,1776119268,1,128,B,Apple
아이폰 13 프로맥스,아이폰 13 프로맥스 Pro max 256gb 그래파이트 풀박스 팝니다.,559000,256gb,1776824659,1,256,S,Apple
아이폰 13 프로맥스,아이폰13pro max 256gb 화이트,400000,256gb,1773665917,1,256,B,Apple
아이폰 13 프로맥스,아이폰 13 pro max 256GB,600000,256GB,1770943622,1,256,B,Apple
아이폰 13 프로맥스,아이폰 13 Pro max 512GB,550000,512GB,1771105878,1,512,B,Apple
아이폰 13 프로맥스,아이폰 13 프로 맥스 512GB,650000,512GB,1770769809,1,512,B,Apple
아이폰 14,아이폰 14 128GB,405000,128GB,1784687394,1,128,B,Apple
아이폰 14,아이폰 14프로 128GB 팝니다!,670000,128GB,1784687512,1,128,B,Apple
아이폰 14,아이폰14프로맥스 256기가 실버 (S급) / 0717,770000,256기가,1784689278,1,256,A,Apple
아이폰 14,아이폰 14 256gb 디스플레이 손상,330000,256gb,1784684940,1,256,B,Apple
아이폰 14,아이폰 14프로 256기가 실버 S급,680000,256기가,1784683582,1,256,A,Apple
아이폰 14,아이폰 14 256기가 배터리100 SSS급,540000,256기가,1784683582,1,256,A,Apple
아이폰 14,특S급. 아이폰14 128기가 스타라이트 부산중고폰 02252 대전 경기,517000,128기가,1784686851,1,128,A,Apple
아이폰 14,(배터리88%)아이폰14 Pro 딥퍼플 256GB,750000,256GB,1784682175,1,256,B,Apple
아이폰 14,아이폰14프로 128기가,395000,128기가,1784681834,1,128,B,Apple
아이폰 14,아이폰 14 스타라이트 128GB 단품,470000,128GB,1784681178,1,128,B,Apple
아이폰 14,아이폰 14pro 256GB 배터리 성능100%,700000,256GB,1784650073,1,256,B,Apple
아이폰 14,[배터리100%] 아이폰14 128gb 화이트색상 A급,360000,128gb,1784679272,1,128,B,Apple
아이폰 14,아이폰 14 프로 256GB 딥퍼플,650000,256GB,1784637015,1,256,B,Apple
아이폰 14,박스 있어요 / 아이폰 14 128기가 배터리 77퍼,400000,128기가,1784642100,1,128,B,Apple
아이폰 14,아이폰 14프로 128GB 딥퍼플,650000,128GB,1784630507,1,128,B,Apple
아이폰 14 프로,Apple iPhone 14 Pro 골드 512GB 풀박스 판매합니다,800000,512GB,1784663284,1,512,S,Apple
아이폰 14 프로,애플 아이폰 14 프로  화이트  128GB 모델,520000,128GB,1784617824,1,128,B,Apple
아이폰 14 프로,아이폰 iphone 14프로 256GB 딥퍼플,650000,256GB,1784641160,1,256,B,Apple
아이폰 14 프로,아이폰 14 pro 프로 512GB 딥 퍼플 + 워치 SE 40mm,750000,512GB,1784617054,1,512,B,Apple
아이폰 14 프로,아이폰 14 프로 128gb,490000,128gb,1784624214,1,128,B,Apple
아이폰 14 프로,아이폰 14 Pro 128GB 블랙,600000,128GB,1784620106,1,128,B,Apple
아이폰 14 프로,아이폰14프로 256기가 실버,600000,256기가,1784618424,1,256,B,Apple
아이폰 14 프로,아이폰14프로 128GB 샴페인골드,620000,128GB,1784612479,1,128,B,Apple
아이폰 14 프로맥스,[S급/무하자] 아이폰 14 프로맥스 128GB 판매합니다 (외관 기스 없음),910000,128GB,1784130625,1,128,A,Apple
아이폰 14 프로맥스,아이폰 14 프로맥스 블랙 256기가,750000,256기가,1784246678,1,256,B,Apple
아이폰 14 프로맥스,아이폰 14 프로맥스 128기가,780000,128기가,1783086490,1,128,B,Apple
아이폰 14 프로맥스,아이폰14 프로맥스 512GB 딥퍼플,820000,512GB,1782172767,1,512,B,Apple
아이폰 14 프로맥스,(부산직거래) 아이폰14프로맥스 128기가,670000,128기가,1780227905,1,128,B,Apple
아이폰 14 프로맥스,아이폰 14 프로맥스 검정 128기가 직거래만,680000,128기가,1779365720,1,128,B,Apple
아이폰 14 프로맥스,아이폰 14프로맥스 128기가,700000,128기가,1778779290,1,128,B,Apple
아이폰 14 프로맥스,아이폰 14 프로 맥스 블랙 256 기가,750000,256 기가,1784326422,1,256,B,Apple
아이폰 14 프로맥스,아이폰 14 프로 맥스 128기가 딥퍼플,800000,128기가,1783675653,1,128,B,Apple
아이폰 14 프로맥스,애플 아이폰14프로 맥스 퍼플 256GB(88%) 판매,850000,256GB,1783286842,1,256,B,Apple
아이폰 14 프로맥스,미사용 새상품) 아이폰 14promax 256기가 풀박스 배터리효율100,1050000,256기가,1784291858,2,256,S,Apple
아이폰 14 프로맥스,[상태 최상] iPhone 14 Pro Max 128GB / 블랙 티타늄,750000,128GB,1782879434,1,128,B,Apple
아이폰 14 프로맥스,아이폰 14 PRO MAX 실버 128GB,650000,128GB,1781235833,1,128,B,Apple
아이폰 14 프로맥스,아이폰 14 pro max 256기가 액정 사설 교체 1번,570000,256기가,1783050823,1,256,B,Apple
아이폰 14 프로맥스,애플 아이폰 14 프로 맥스 딥퍼플 256기가,850000,256기가,1780329885,1,256,B,Apple
아이폰 14 프로맥스,아이폰 14 프로 맥스 블랙 256gb,830000,256gb,1779093510,1,256,B,Apple
아이폰 14 프로맥스,아이폰 14 프로 맥스 256GB 93%,930000,256GB,1778210632,1,256,B,Apple
아이폰 14 프로맥스,아이폰 14 Pro Max 128기가,710000,128기가,1777817845,1,128,B,Apple
아이폰 14 프로맥스,아이폰 14 Pro Max 512GB 실버,900000,512GB,1779067971,1,512,B,Apple
아이폰 14 프로맥스,아이폰 14 프로 맥스 딥퍼플 512기가,970000,512기가,1776862394,1,512,B,Apple
아이폰 14 프로맥스,아이폰14프로 맥스 실버 128기가 팔아요,600000,128기가,1775610940,1,128,B,Apple
아이폰 15,아이폰 15pro 128기가,712500,128기가,1784689142,1,128,B,Apple
아이폰 15,아이폰15프로/256기가,398800,256기가,1784689500,2,256,B,Apple
아이폰 15,아이폰15Pro 256GB 블랙티타늄 따끈따근 리퍼폰(06.27 리퍼) 가격인하,990000,256GB,1784689157,2,256,B,Apple
아이폰 15,아이폰15프로 256기가 블랙 (S급) / 0717,750000,256기가,1784689278,1,256,A,Apple
아이폰 15,[Apple]아이폰15프로맥스 256기가 미개봉제품 판매합니다.,492000,256기가,1784689800,2,256,S,Apple
아이폰 15,아이폰15프로 256기가 내추럴 / 0622,880000,256기가,1784689243,1,256,B,Apple
아이폰 15,아이폰15프로맥스 512기가 블랙 / 0622,1060000,512기가,1784689243,1,512,B,Apple
아이폰 15,아이폰15프로 256기가 블루 / 0629,830000,256기가,1784689243,1,256,B,Apple
아이폰 15,애플 아이폰 15 프로 네츄럴 티타늄 128기가,800000,128기가,1784688047,1,128,B,Apple
아이폰 15,아이폰 15프로 128기가 내추럴티타늄 (박스포함),790000,128기가,1784688822,1,128,B,Apple
아이폰 15,아이폰15/128GB[APPLE],291500,128GB,1784688000,2,128,B,Apple
아이폰 15,아이폰15플러스/128기가,292000,128기가,1784687700,2,128,B,Apple
아이폰 15,아이폰15프로256기가[새상품/미개봉/정품],399800,256기가,1784687700,2,256,S,Apple
아이폰 15,아이폰 15pro 블랙 128gb 풀박스,790000,128gb,1784672905,1,128,S,Apple
아이폰 15,I15 s급 아이폰6s 32기가 무음,130000,32기가,1784683871,1,32,B,Apple
아이폰 15,아이폰15/128GB[APPLE],198800,128GB,1784684400,2,128,B,Apple
아이폰 15,아이폰15pro 화이트티타늄 258GB,890000,258GB,1784682562,1,258,B,Apple
아이폰 15,아이폰15/128GB [정품/새상품/미개봉],299000,128GB,1784685600,2,128,S,Apple
아이폰 15,아이폰15프로/128GB[APPLE],189800,128GB,1784684400,2,128,B,Apple
아이폰 15,[A급] 아이폰 15 128GB 블루 (97%효율),709000,128GB,1784677316,1,128,B,Apple
아이폰 15,[A급] 아이폰 15 128GB 블루 (89%효율),709000,128GB,1784677283,1,128,B,Apple
아이폰 15,아이폰15프로/128기가,258880,128기가,1784681400,2,128,B,Apple
아이폰 15,아이폰15프로맥스/256GB[APPLE],568000,256GB,1784683200,2,256,B,Apple
아이폰 15,아이폰15프로맥스256기가[새상품/미개봉/정품],597800,256기가,1784683200,2,256,S,Apple
아이폰 15,[전색상/미사용]아이폰15프로[256기가/새상품/미개봉/정품],288000,256기가,1784681400,2,256,S,Apple
아이폰 15 프로,아이폰 15 pro 256gb 풀박스 네추럴 티타늄,769000,256gb,1784672898,1,256,S,Apple
아이폰 15 프로,아이폰15프로[미개봉/새상품/정품/256기가/애플케어],489500,256기가,1784669732,2,256,S,Apple
아이폰 15 프로,아이폰 15프로 128GB 배터리 100,900000,128GB,1784643643,1,128,B,Apple
아이폰 15 프로,#할인가능# 아이폰15프로 128기가 화이트 AAA급,830000,128기가,1784632139,1,128,B,Apple
아이폰 15 프로맥스,아이폰15 프로맥스 256gb 새제품급,1320000,256gb,1784647719,1,256,B,Apple
아이폰 15 프로맥스,서울 아이폰15 프로맥스 화이트 256GB,810000,256GB,1784621970,1,256,B,Apple
아이폰 15 프로맥스,아이폰 15프로맥스 256기가 네츄럴티타늄,1000000,256기가,1784615036,1,256,B,Apple
아이폰 15 프로맥스,아이폰 15 프로맥스 512gb SSS급 판매,1290000,512gb,1784507358,1,512,A,Apple
아이폰 15 프로맥스,아이폰15프로맥스 검정색 512GB무기스배터리성능100% 26년1월리퍼폰,980000,512GB,1784595096,1,512,B,Apple
아이폰 15 프로맥스,흥정가능 아이폰15프로맥스 256기가,750000,256기가,1784090875,1,256,B,Apple
아이폰 15 프로맥스,아이폰 15 프로맥스 256gb 배터리 100,1150000,256gb,1784063705,1,256,B,Apple
아이폰 15 프로맥스,아이폰 15프로맥스 256GB S급 리퍼,950000,256GB,1783852387,1,256,A,Apple
아이폰 15 프로맥스,아이폰 15프로맥스 256기가(블랙티타늄),900000,256기가,1783914465,1,256,B,Apple
아이폰 15 프로맥스,아이폰 15프로맥스 256기가 실버,800000,256기가,1784124198,1,256,B,Apple
아이폰 15 프로맥스,아이폰 15 Pro Max 512GB 자급제,1100000,512GB,1784608763,1,512,B,Apple
아이폰 15 프로맥스,아이폰 15 프로 맥스 256GB 내추럴 티타늄,980000,256GB,1784326488,1,256,B,Apple
아이폰 15 프로맥스,아이폰 15 프로 맥스 256GB,820000,256GB,1783814079,2,256,B,Apple
아이폰 15 프로맥스,아이폰 15프로 맥스 512gb,1300000,512gb,1783572129,1,512,B,Apple
아이폰 15 프로맥스,아이폰 15 Pro Max 256GB 풀박스 (미사용),1000000,256GB,1783820609,2,256,S,Apple
아이폰 15 프로맥스,아이폰15pro max 256기가 급처 오늘만!!,650000,256기가,1783935620,1,256,B,Apple
아이폰 15 프로맥스,(무음 카메라) 아이폰 15 프로 맥스 256기가 내추럴 티타늄,1000000,256기가,1781193687,1,256,B,Apple
아이폰 15 프로맥스,아이폰 15 프로 맥스 256GB 실버 + 애플워치 se 40mm + 케,1185000,256GB,1781235438,1,256,B,Apple
아이폰 15 프로맥스,아이폰 15 프로 맥스 256기가 블랙 89%,900000,256기가,1780541291,1,256,B,Apple
아이폰 15 프로맥스,아이폰 15프로 맥스 티타늄 (256GB),1000000,256GB,1778742299,1,256,B,Apple
아이폰 15 프로맥스,아이폰 15프로 맥스 512기가 실버,900000,512기가,1778656579,1,512,B,Apple
아이폰 15 프로맥스,아이폰15 프로 맥스 256gb,1000000,256gb,1776860494,1,256,B,Apple
아이폰 15 프로맥스,애플 아이폰15 Pro Max 내추럴 티타늄 256GB,990000,256GB,1776842630,1,256,B,Apple
아이폰 16,S급 아이폰6s 16기가 스그 해외판 카메라무음 배터리100%,130000,16기가,1784690148,1,16,A,Apple
아이폰 16,[051521] 아이폰6S 실버 16기가 공기계 판매,120000,16기가,1784690646,1,16,B,Apple
아이폰 16,[국내당일발송]특가 아이폰6S 16G 32GB 64GB 128GB,100000,32GB,1784690700,1,32,B,Apple
아이폰 16,아이폰6S 16GB 판매합니다! (배터리100%),150000,16GB,1784690305,1,16,B,Apple
아이폰 16,[098483] 아이폰6플러스 16기가 골드 깨끗한폰,80000,16기가,1784689812,1,16,B,Apple
아이폰 16,한국발송) 아이폰5s 16기가 카메라 에어드랍  감성폰 특가판매합니다.,80000,16기가,1784690400,1,16,B,Apple
아이폰 16,[Iphoney] 아이폰5~8 16GB~256GB,79000,16GB,1784689800,1,16,B,Apple
아이폰 16,아이폰 5c 16기가 신품액정 카메라무음 #750,93000,16기가,1784688597,1,16,B,Apple
아이폰 16,[당일출고] s급 아이폰6s 16GB 스페이스그레이,120000,16GB,1784690100,1,16,B,Apple
아이폰 16,[국내배송] S급 아이폰6S 전색상 16GB~128GB,120000,16GB,1784690100,1,16,A,Apple
아이폰 16,아이폰Se1 16GB 판매합니다! (배터리성능100%),140000,16GB,1784690275,1,16,B,Apple
아이폰 16,S급 아이폰se1 1세대 16기가 골드 해외판 카메라무음 배터리100%,130000,16기가,1784690160,1,16,A,Apple
아이폰 16,S급 아이폰se1 1세대 16기가 로골 해외판 카메라무음 배터리100%,130000,16기가,1784690160,1,16,A,Apple
아이폰 16,아이폰16프로 512기가 내추럴,1220000,512기가,1784689436,1,512,B,Apple
아이폰 16,아이폰16프로 128기가 블랙,960000,128기가,1784689436,1,128,B,Apple
아이폰 16,(교환/교신) 자급제 갤럭시S26 512기가->아이폰16프로256/아이폰17프로256 교환,99999,512기가,1784689624,1,512,B,Apple
아이폰 16,아이폰16 256기가 화이트 유심기변용,850000,256기가,1784689401,1,256,B,Apple
아이폰 16,아이폰16 256기가 화이트 (S급) / 0717,820000,256기가,1784689278,1,256,A,Apple
아이폰 16,아이폰16 128기가 화이트 / 0622,780000,128기가,1784689243,1,128,B,Apple
아이폰 16,[Lgu+]아이폰16프로맥스256기가[새상품/미개봉/정품/애케플],798800,256기가,1784689200,2,256,S,Apple
아이폰 16,I16 s급 아이폰6s 32기가 무음,130000,32기가,1784687922,1,32,B,Apple
아이폰 16,[무음카메라] 아이폰se1 16GB 골드,100000,16GB,1784688600,1,16,B,Apple
아이폰 16,[당일발송] 아이폰5~8 16GB~128GB (7color),75000,16GB,1784688900,1,16,B,Apple
아이폰 16,[당일발송] 아이폰5~8 16GB~256GB (7color),140000,16GB,1784688900,1,16,B,Apple
아이폰 16,[국내발송] S급 아이폰5 16GB~64GB 블랙/실버,80000,16GB,1784688300,1,16,A,Apple
아이폰 16,@배터리93@ 아이폰 16 128GB 블루 [76417],800000,128GB,1784687565,1,128,B,Apple
아이폰 16,[당일배송] A~S급 아이폰6S 스페이스그레이 16GB,110000,16GB,1784687700,1,16,A,Apple
아이폰 16,[오늘출발] A급 아이폰5S 100% 전색상 16GB 32GB 64GB,85000,16GB,1784687400,1,16,B,Apple
아이폰 16,아이폰16프로 블랙 128기가,1068000,128기가,1784684824,1,128,B,Apple
아이폰 16,애플 아이폰 5S 16GB 스페이스 그레이,65000,16GB,1784682051,1,16,B,Apple
아이폰 16,아이폰16e 256GB 배터리100% S급 실사용 적음,740000,256GB,1784686669,1,256,A,Apple
아이폰 16,애플 아이폰 6s 골드 16기가  수리내역x,130000,16기가,1784683157,1,16,B,Apple
아이폰 16,순정 아이폰 5c 블루 16gb,128000,16gb,1784686029,1,16,B,Apple
아이폰 16,[바로배송]아이폰6플러스 16GB 실버 646209,93000,16GB,1784685594,1,16,B,Apple
아이폰 16,아이폰16 256GB 화이트 액정세로줄,590000,256GB,1784680664,1,256,B,Apple
아이폰 16,"아이폰16프로맥스256gb 무음카메라 물리심,이심 (캐나다판)",1350000,256gb,1784680773,1,256,B,Apple
아이폰 16,아이폰 16프로 데저트티타늄 256gb 새제품 자급제 새상품,1430000,256gb,1784678068,2,256,S,Apple
아이폰 16,"아이폰 5C 16GB 화이트(무음, 에어드랍o)",107000,16GB,1784684120,1,16,B,Apple
아이폰 16,I10 s급 아이폰6s 16기가 무음,114000,16기가,1784683871,1,16,B,Apple
아이폰 16 프로,(부산중고폰) 아이폰16프로 화이트 128기가 상태최상 판매해요,1070000,128기가,1784674066,1,128,B,Apple
아이폰 16 프로,아이폰5 16기가 배터리성능100프로,80000,16기가,1784685794,1,16,B,Apple
아이폰 16 프로,아이폰6s 16기가 실버 배터리성능100프로,110000,16기가,1784685702,1,16,B,Apple
아이폰 16 프로,iphone 16 pro natural titanium 256GB 내추럴 티타늄 실버,1220000,256GB,1784682839,1,256,B,Apple
아이폰 16 프로,아이폰se1 16기가 골드 배터리성능100프로 카메라무음,120000,16기가,1784685792,1,16,B,Apple
아이폰 16 프로,애플 아이폰 16 프로 화이트 256GB 풀박스 판매,1250000,256GB,1784641124,1,256,S,Apple
아이폰 16 프로,아이폰16프로256기가 [새상품/미개봉/정품/애케플],689880,256기가,1784680500,2,256,S,Apple
아이폰 16 프로,아이폰 16 프로 256gb 화이트,850000,256gb,1784652464,1,256,B,Apple
아이폰 16 프로,아이폰16프로 256기가 애플케어,1330000,256기가,1784623806,1,256,B,Apple
아이폰 16 프로,아이폰16프로 128gb 화이트 삽니다,900000,128gb,1784645884,1,128,B,Apple
아이폰 16 프로,아이폰 16 프로 맥스 512GB 홍콩판 물리듀얼심 99% 애케플,1740000,512GB,1784626230,1,512,B,Apple
아이폰 16 프로맥스,[알뜰폰]아이폰16프로맥스256기가 [새상품/미개봉/정품/애케플],1198000,256기가,1784643000,2,256,S,Apple
아이폰 16 프로맥스,아이폰16프로맥스 512기가 s급,1450000,512기가,1784438029,1,512,B,Apple
아이폰 16 프로맥스,아이폰16프로맥스 256GB 배터리100  부산 울산 김해 강릉 제천 평택 안산 대전 천안 대구 양산 구미 춘천 인천 광주 목포,1500000,256GB,1784354409,1,256,B,Apple
아이폰 16 프로맥스,아이폰 16 프로맥스 256GB 화이트 티타늄,1300000,256GB,1784555021,1,256,B,Apple
아이폰 16 프로맥스,아이폰16프로맥스 256GB 인천 강릉 춘천 제천 경산 안산,1400000,256GB,1784181236,1,256,B,Apple
아이폰 16 프로맥스,아이폰16프로맥스 256GB 배터리100 인천 강릉 춘천 제천 경산 안산,1550000,256GB,1783589221,1,256,B,Apple
아이폰 16 프로맥스,아이폰16프로맥스 256GB 배터리100 인천 강릉 춘천 제천 경산 안산,1450000,256GB,1784181236,1,256,B,Apple
아이폰 16 프로맥스,아이폰16프로맥스512gb팔아요,1500000,512gb,1783141990,1,512,B,Apple
아이폰 16 프로맥스,아이폰 16프로 맥스 512GB 배터리성능 96%,1400000,512GB,1784516809,1,512,B,Apple
아이폰 16 프로맥스,아이폰16pro max 내추럴티타늄 256GB 풀박스 급처,1400000,256GB,1783235968,1,256,S,Apple
아이폰 16 프로맥스,아이폰16promax 256gb 화이트티타늄 판매합니다!,1400000,256gb,1784069379,1,256,B,Apple
아이폰 16 프로맥스,아이폰 16 프로 맥스 256GB,1450000,256GB,1781773855,1,256,B,Apple
아이폰 16 프로맥스,아이폰 16pro MAX 화이트 512GB 풀박스,1500000,512GB,1778819776,1,512,S,Apple
갤럭시 S22,갤럭시S22 256기가 그린 부산중고폰02901포항 인천 창원 광주,260000,256기가,1784690524,1,256,B,Samsung
갤럭시 S22,갤럭시 s22플러스 s22+ 화이트 256기가,230000,256기가,1784689950,1,256,B,Samsung
갤럭시 S22,갤럭시S22울트라 256기가 버건디 / 0527,420000,256기가,1784689273,1,256,B,Samsung
갤럭시 S22,갤럭시S22울트라 256기가 그린 / 0527,430000,256기가,1784689273,1,256,B,Samsung
갤럭시 S22,갤럭시S22 256기가 핑크 (무잔상) / 0618,160000,256기가,1784689243,1,256,S,Samsung
갤럭시 S22,갤럭시S22플러스 256기가 핑크 (S급) / 0610,290000,256기가,1784689278,1,256,A,Samsung
갤럭시 S22,갤럭시S22울트라 512기가 화이트 (무잔상) / 0706,480000,512기가,1784689278,1,512,S,Samsung
갤럭시 S22,(자급제) 갤럭시S22플러스 256기가 그린 부산중고폰 02996 용인,310000,256기가,1784687954,1,256,B,Samsung
갤럭시 S22,삼성 갤럭시 S22 그린 256gb 뒷판 파손,190000,256gb,1784674273,1,256,F,Samsung
갤럭시 S22,갤럭시s22 256기가 핑크,250000,256기가,1784685686,1,256,B,Samsung
갤럭시 S22,삼성전자 갤럭시 S22 울트라 자급제 512gb 블랙,480000,512gb,1784682019,1,512,B,Samsung
갤럭시 S22,갤럭시S22 256기가 블랙 부산중고폰 01921김해 울산 광주 양산,285000,256기가,1784687221,1,256,B,Samsung
갤럭시 S22,갤럭시s22 256기가 핑크,300000,256기가,1784685803,1,256,B,Samsung
갤럭시 S22,갤럭시s22 256기가 그린,250000,256기가,1784685692,1,256,B,Samsung
갤럭시 S22,갤럭시S22 256GB 라벤더 S901N,279000,256GB,1784686829,1,256,B,Samsung
갤럭시 S22,갤럭시S22 256기가 그린  잔상폰 판매합니다.,200000,256기가,1784682045,1,256,B,Samsung
갤럭시 S22,갤럭시S22 5G 그린 256기가 판매합니다-S901N,258000,256기가,1784684525,1,256,B,Samsung
갤럭시 S22,서울 갤럭시 S22 울트라 (S908) 256기가 팝니다.,265000,256기가,1784678774,1,256,B,Samsung
갤럭시 S22,갤럭시s22 울트라 256기가,210000,256기가,1784682158,1,256,B,Samsung
갤럭시 S22,갤럭시 울트라 S22 256GB,270000,256GB,1784673447,1,256,B,Samsung
갤럭시 S22,삼성 갤럭시 S22 블랙 256gb 박스포함,240000,256gb,1784674273,1,256,B,Samsung
갤럭시 S22,갤럭시 s22 256gb kt 무잔상 테두리 흑점 1개 폰 팝니다..,170000,256gb,1784678348,1,256,S,Samsung
갤럭시 S22,갤럭시 S22 256gb 화이트 판매합니다!,190000,256gb,1784676000,1,256,B,Samsung
갤럭시 S22,갤럭시 S22플러스 256gb 싸게 판매합니다~!,230000,256gb,1784676000,1,256,B,Samsung
갤럭시 S22,삼성 갤럭시 S22 플러스 화이트 256gb 잔상없음,247000,256gb,1784674273,1,256,S,Samsung
갤럭시 S22,#할인가능# 갤럭시S22울트라 (S908) 512기가 대용량 화이트,395000,512기가,1784658909,1,512,B,Samsung
갤럭시 S22 플러스,#할인가능# 갤럭시S22플러스 (S906) 256GB 블랙 무잔상 AAA급,290000,256GB,1784632130,1,256,S,Samsung
갤럭시 S22 플러스,갤럭시S22플러스 그린 256GB,280000,256GB,1784618627,1,256,B,Samsung
갤럭시 S22 플러스,갤럭시S22플러스 256기가 블랙 (S급) / 0720,280000,256기가,1784612015,1,256,A,Samsung
갤럭시 S22 플러스,A+급! 갤럭시S22플러스 256GB [품번 624],285000,256GB,1784605504,1,256,B,Samsung
갤럭시 S22 플러스,AA급)무잔상 갤럭시 S22+플러스 256기가 핑크 부산,298000,256기가,1784629741,1,256,S,Samsung
갤럭시 S22 플러스,갤럭시S22플러스 256기가 핑크 부산중고폰 02235 서울 밀양 전주,285000,256기가,1784628792,1,256,B,Samsung
갤럭시 S22 플러스,갤럭시S22플러스 256기가 그린 부산중고폰 02810 대전 울산 안산,282000,256기가,1784611157,1,256,B,Samsung
갤럭시 S22 플러스,갤럭시S22플러스 (S906) 256GB 그린 무잔상 AAA급 - 울산중고폰,290000,256GB,1784616631,1,256,S,Samsung
갤럭시 S22 플러스,#할인가능# 갤럭시S22플러스 (S906) 256GB 그린 무잔상 AAA급,290000,256GB,1784630996,1,256,S,Samsung
갤럭시 S22 울트라,갤럭시 s22울트라  512기가,350000,512기가,1784607978,1,512,B,Samsung
갤럭시 S22 울트라,#할인가능# 갤럭시S22울트라 (S908) 256GB 그린,390000,256GB,1784632094,1,256,B,Samsung
갤럭시 S22 울트라,갤럭시S22울트라 화이트 256GB 487623 울산중고폰,445000,256GB,1784619608,1,256,B,Samsung
갤럭시 S22 울트라,갤럭시S22울트라 256기가 블랙 부산중고폰02673울산 양산 김해,425000,256기가,1784621001,1,256,B,Samsung
갤럭시 S22 울트라,갤럭시S22울트라 256기가 블랙 부산중고폰02739김해 광주 경기,460000,256기가,1784606099,1,256,B,Samsung
갤럭시 S22 울트라,갤럭시S22울트라 512기가 그린 (S급) / 0519,510000,512기가,1784619507,1,512,A,Samsung
갤럭시 S22 울트라,갤럭시S22울트라 (S908) 512기가 대용량 그린 - 울산중고폰,415000,512기가,1784615554,1,512,B,Samsung
갤럭시 S22 울트라,갤럭시S22울트라 (S908) 512기가 대용량 블랙 - 울산중고폰,415000,512기가,1784608382,1,512,B,Samsung
갤럭시 S22 울트라,삼성 갤럭시 S22 울트라 버건디 256기가 판매해요,450000,256기가,1784527676,1,256,B,Samsung
갤럭시 S22 울트라,삼성 갤럭시 S22 울트라 512GB 블랙 S급 kt정상해지 자급제,470000,512GB,1784538832,1,512,A,Samsung
갤럭시 S22 울트라,갤럭시S22울트라 256기가 그린 부산중고폰 02743대전 울산 경주,460000,256기가,1784597522,1,256,B,Samsung
갤럭시 S22 울트라,갤럭시S22울트라 256기가 그린 (S급) / 0617,470000,256기가,1784534528,1,256,A,Samsung
갤럭시 S22 울트라,갤럭시S22울트라 256기가 그린 (무잔상) / 0617,420000,256기가,1784534528,1,256,S,Samsung
갤럭시 S22 울트라,삼성 갤럭시 S22울트라 256GB 버건디,400000,256GB,1784389273,1,256,B,Samsung
갤럭시 S22 울트라,갤럭시S22울트라 256기가 버건디 (S급) / 0629,470000,256기가,1784516037,1,256,A,Samsung
갤럭시 S22 울트라,갤럭시S22울트라 256기가 그린 부산중고폰02816서울 울산 대구,445000,256기가,1784360686,1,256,B,Samsung
갤럭시 S22 울트라,갤럭시S22울트라 256기가 블랙 (S급) / 0716,470000,256기가,1784282133,1,256,A,Samsung
갤럭시 S22 울트라,갤럭시S22울트라 256기가 그린 / 0527,450000,256기가,1784361767,1,256,B,Samsung
갤럭시 S22 울트라,삼성갤럭시 S22울트라 256GB  부산 울산 김해 강릉 제천 평택 안산 대전 천안 대구 양산 구미 춘천 인천 광주 목포,470000,256GB,1784360236,1,256,B,Samsung
갤럭시 S22 울트라,갤럭시S22울트라 512기가 화이트 (S급) 0617,490000,512기가,1784361901,1,512,A,Samsung
갤럭시 S22 울트라,213386 갤럭시S22울트라 256GB 그린 U+ 무잔상 중고폰 기능정상,456000,256GB,1784289192,1,256,S,Samsung
갤럭시 S22 울트라,갤럭시S22울트라 256기가 블랙 (무잔상) / 0526,460000,256기가,1784276477,1,256,S,Samsung
갤럭시 S22 울트라,갤럭시 s22 울트라 256기가,390000,256기가,1784603339,1,256,B,Samsung
갤럭시 S22 울트라,갤럭시S22울트라 버건디 256GB 무잔상 상태좋은 중고45만3천팝니다,453000,256GB,1784268882,1,256,S,Samsung
갤럭시 S22 울트라,갤럭시S22울트라 그린 256GB 무잔상 상태좋은 중고46만4천팝니다,464000,256GB,1784269541,1,256,S,Samsung
갤럭시 S22 울트라,갤럭시S22울트라 화이트 256GB 무잔상 상태좋은 중고49만9천팝니다,499000,256GB,1784195712,1,256,S,Samsung
갤럭시 S22 울트라,갤럭시S22울트라 블랙 256GB 04866 울산중고폰,455000,256GB,1784103105,1,256,B,Samsung
갤럭시 S23,갤럭시S23 512GB 폰컨디션 좋음 무잔상,350000,512GB,1784690206,1,512,S,Samsung
갤럭시 S23,갤럭시s23 256GB 판매합니다!,380000,256GB,1784690275,1,256,B,Samsung
갤럭시 S23,갤럭시S23FE 256기가 퍼플 부산중고폰 78720인천 구미 창원,299000,256기가,1784689606,1,256,B,Samsung
갤럭시 S23,갤럭시S23 512기가 라벤더 (무잔상) / 0612,370000,512기가,1784689238,1,512,S,Samsung
갤럭시 S23,갤럭시s23 256기가 그린,350000,256기가,1784689436,1,256,B,Samsung
갤럭시 S23,갤럭시S23 256기가 라벤더 (S급) / 0622,370000,256기가,1784689243,1,256,A,Samsung
갤럭시 S23,갤럭시S23플러스 256기가 블랙 (S급) / 0622,400000,256기가,1784689243,1,256,A,Samsung
갤럭시 S23,갤럭시S23  256GB 폰컨디션 좋음 무잔상 깨끗!,350000,256GB,1784687968,1,256,S,Samsung
갤럭시 S23,갤럭시S23 256기가 블랙 부산중고폰 01922 서울 용인 구미 대전,368000,256기가,1784687405,1,256,B,Samsung
갤럭시 S23,갤럭시 S23FE 256기가 민트 깨끗한A급(잔상.번인없이 깔끔함^^!),297000,256기가,1784686171,1,256,B,Samsung
갤럭시 S23,갤럭시s23 256기가 화이트,360000,256기가,1784685686,1,256,B,Samsung
갤럭시 S23,대용량 갤럭시S23 화이트 512기가 팔아요,370000,512기가,1784684405,1,512,B,Samsung
갤럭시 S23,무잔상S급 갤럭시S23 256기가 오산s23 부산s23 인천S23,379000,256기가,1784685638,1,256,S,Samsung
갤럭시 S23,무잔상S급 갤럭시S23FE 256기가 안산s23FE 오산s23Fe,310000,256기가,1784686536,1,256,S,Samsung
갤럭시 S23,갤럭시S23FE 무잔상S급 256기가 안양s23FE 서울s23Fe,310000,256기가,1784684407,1,256,S,Samsung
갤럭시 S23,갤럭시 S23 fe 256GB(민트급),330000,256GB,1784685039,1,256,B,Samsung
갤럭시 S23,S급. 갤럭시S23FE 256기가 부산중고폰 02237김해 대전 경기,345000,256기가,1784686299,1,256,A,Samsung
갤럭시 S23,갤럭시S23 256기가 그린 부산중고폰 75342서울 용인 구미 광주,380000,256기가,1784684094,1,256,B,Samsung
갤럭시 S23,갤럭시s23 256기가 블랙,360000,256기가,1784685753,1,256,B,Samsung
갤럭시 S23,갤럭시s23 256기가 그린,360000,256기가,1784685711,1,256,B,Samsung
갤럭시 S23,갤럭시 S23 (S911) 핑크 256기가 자급제 A급 팝니다.,370000,256기가,1784680914,1,256,B,Samsung
갤럭시 S23,서울 갤럭시 S23 (S911) 블랙 256기가 팝니다,340000,256기가,1784679431,1,256,B,Samsung
갤럭시 S23,서울 갤럭시 S23+ 플러스 (S916) 핑크 256기가 팝니다.,385000,256기가,1784677701,1,256,B,Samsung
갤럭시 S23,갤럭시 S23 라벤더 256GB A급 싸게 팝니다.,390000,256GB,1784681787,1,256,B,Samsung
갤럭시 S23,갤럭시 S23 크림 256GB A급 싸게 팝니다.,390000,256GB,1784681789,1,256,B,Samsung
갤럭시 S23,갤럭시 S23FE 퍼플 256GB 싸게 팝니다.,320000,256GB,1784681777,1,256,B,Samsung
갤럭시 S23 플러스,#할인가능# 갤럭시S23플러스 (S916) 256GB 그린 AAA급,410000,256GB,1784651160,1,256,B,Samsung
갤럭시 S23 플러스,!!대용량!! 갤럭시S23플러스 그린 512GB 487645 울산중고폰,390000,512GB,1784620673,1,512,B,Samsung
갤럭시 S23 플러스,갤럭시S23플러스 256기가 그린 부산중고폰02840김해 광주 경기,410000,256기가,1784605915,1,256,B,Samsung
갤럭시 S23 플러스,A급. 갤럭시S23플러스 256기가 크림 부산중고폰 02742김해 울산,400000,256기가,1784604813,1,256,B,Samsung
갤럭시 S23 플러스,갤럭시S23플러스 256기가 크림 (S급) / 0710,400000,256기가,1784619482,1,256,A,Samsung
갤럭시 S23 플러스,갤럭시S23플러스 라밴더 A급 256GB,360000,256GB,1784544553,1,256,B,Samsung
갤럭시 S23 플러스,갤럭시S23플러스 256기가 라벤더 (무잔상) / 0714,380000,256기가,1784534472,1,256,S,Samsung
갤럭시 S23 플러스,갤럭시S23플러스 256기가 크림 부산중고폰 02742 해남 춘천 김제,402000,256기가,1784600100,1,256,B,Samsung
갤럭시 S23 플러스,갤럭시S23플러스 256기가 크림 (S급) / 0701,390000,256기가,1784602876,1,256,A,Samsung
갤럭시 S23 플러스,갤럭시S23플러스 256기가 라벤더 (S급) / 0629,400000,256기가,1784516044,1,256,A,Samsung
갤럭시 S23 플러스,갤럭시S23플러스 256기가 블랙 부산중고폰 80647 서울 마산 인천,395000,256기가,1784429906,1,256,B,Samsung
갤럭시 S23 플러스,특A급 갤럭시 S23플러스 256GB 바이올렛 무잔상 울산 대전중고폰,375000,256GB,1784368567,1,256,S,Samsung
갤럭시 S23 플러스,갤럭시S23플러스 256기가 라벤더 (S급) / 0630,390000,256기가,1784276533,1,256,A,Samsung
갤럭시 S23 플러스,갤럭시 s23 플러스 크림 512gb 팝니다 s23+,360000,512gb,1784517338,1,512,B,Samsung
갤럭시 S23 플러스,#할인가능# 갤럭시S23플러스 (S916) 256GB 블랙 AAA급,410000,256GB,1784112074,1,256,B,Samsung
갤럭시 S23 플러스,갤럭시s23플러스 256기가 화이트,400000,256기가,1784160641,1,256,B,Samsung
갤럭시 S23 플러스,(부산중고폰) 갤럭시s23플러스 그린 256기가 공기계 판매해요,405000,256기가,1784525138,1,256,B,Samsung
갤럭시 S23 플러스,갤럭시 S23플러스 블랙 256GB,350000,256GB,1783789207,1,256,B,Samsung
갤럭시 S23 플러스,048346 갤럭시S23플러스 256GB 블랙 KT 무잔상 중고폰,432000,256GB,1784009538,1,256,S,Samsung
갤럭시 S23 플러스,갤럭시S23플러스 512GB 라벤더 부산 서면 중고폰 팝니다 917553,385000,512GB,1784175775,1,512,B,Samsung
갤럭시 S23 플러스,삼성 갤럭시 S23 plus 256GB KT,350000,256GB,1782134948,1,256,B,Samsung
갤럭시 S23 울트라,갤럭시 s23 울트라 256gb,580000,256gb,1784657240,1,256,B,Samsung
갤럭시 S23 울트라,#할인가능# 갤럭시S23울트라 (S918) 256GB 그린 무잔상 S급,629000,256GB,1784632134,1,256,S,Samsung
갤럭시 S23 울트라,S급)무잔상 갤럭시 S23울트라 512기가 라벤더 부산,717000,512기가,1784606747,1,512,S,Samsung
갤럭시 S23 울트라,갤럭시S23울트라 512기가 그린 (무잔상) / 0605,650000,512기가,1784619507,1,512,S,Samsung
갤럭시 S23 울트라,갤럭시S23울트라 256기가 라벤더 (S급) / 0617,650000,256기가,1784619518,1,256,A,Samsung
갤럭시 S23 울트라,갤럭시S23울트라 512기가 블랙 (무잔상) / 0610,630000,512기가,1784619482,1,512,S,Samsung
갤럭시 S23 울트라,갤럭시S23울트라 256기가 블랙 (S급) / 0710,640000,256기가,1784534472,1,256,A,Samsung
갤럭시 S23 울트라,갤럭시S23울트라 256기가 그린 (무잔상) / 0630,610000,256기가,1784602907,1,256,S,Samsung
갤럭시 S23 울트라,갤럭시S23울트라 256기가 블랙 (무잔상) / 0630,620000,256기가,1784602907,1,256,S,Samsung
갤럭시 S23 울트라,갤럭시S23울트라 256기가 그린 (무잔상) / 0526,620000,256기가,1784602907,1,256,S,Samsung
갤럭시 S23 울트라,갤럭시S23울트라 256기가 그린 (무잔상) / 0521,610000,256기가,1784534484,1,256,S,Samsung
갤럭시 S23 울트라,삼성 갤럭시 s23 울트라 512gb 블랙,600000,512gb,1784517966,1,512,B,Samsung
갤럭시 S23 울트라,[S급] 갤럭시 S23 울트라 256GB 크림 (97%효율),720000,256GB,1784507972,1,256,A,Samsung
갤럭시 S23 울트라,[S+급] 갤럭시 S23 울트라 512GB 크림 (99%효율),774000,512GB,1784508270,1,512,B,Samsung
갤럭시 S23 울트라,갤럭시S23울트라 256기가 그린 (S급) / 0710,650000,256기가,1784516011,1,256,A,Samsung
갤럭시 S23 울트라,갤럭시S23울트라 256기가 라벤더 (S급) / 0629,630000,256기가,1784516044,1,256,A,Samsung
갤럭시 S23 울트라,갤럭시S23울트라 512기가 크림 (무잔상) / 0629,620000,512기가,1784516044,1,512,S,Samsung
갤럭시 S23 울트라,삼성 갤럭시 S23 울트라 한정판 512GB,630000,512GB,1784260681,1,512,B,Samsung
갤럭시 S23 울트라,갤럭시s23 울트라 크림 256GB,660000,256GB,1784417614,1,256,B,Samsung
갤럭시 S23 울트라,갤럭시S23울트라 512기가 블랙 (S급) / 0703,660000,512기가,1784282736,1,512,A,Samsung
갤럭시 S23 울트라,215089 갤럭시S23 울트라 512GB 그린 SK 무잔상 기능정상,660000,512GB,1784289294,1,512,S,Samsung
갤럭시 S23 울트라,갤럭시S23울트라 크림 256GB 무잔상 상태좋은 중고63만8천팝니다,638000,256GB,1784259559,1,256,S,Samsung
갤럭시 S23 울트라,갤럭시S23울트라 라벤더 256GB 무잔상 상태좋은 중고63만8천팝니다,638000,256GB,1784267949,1,256,S,Samsung
갤럭시 S23 울트라,삼성 갤럭시 S23 Ultra 화이트 512gb,690000,512gb,1784211861,1,512,B,Samsung
갤럭시 S23 울트라,[S급] 갤럭시 S23 울트라 256GB 그린 (93%효율),720000,256GB,1784172994,1,256,A,Samsung
갤럭시 S23 울트라,[S급] 갤럭시 S23 울트라 256GB 크림 (93%효율),720000,256GB,1784175092,1,256,A,Samsung
갤럭시 S23 울트라,갤럭시S23울트라 256기가 블랙 (무잔상) / 0630,610000,256기가,1784343276,1,256,S,Samsung
갤럭시 S23 울트라,갤럭시S23울트라 블랙 256GB 무잔상 상태좋은 중고63만8천팝니다,638000,256GB,1784196069,1,256,S,Samsung
갤럭시 S23 울트라,삼성 갤럭시 S23 Ultra 256GB,570000,256GB,1784124300,1,256,B,Samsung
갤럭시 S23 울트라,갤럭시 s23 울트라 256gb ss급,795000,256gb,1784126924,1,256,B,Samsung
갤럭시 S23 울트라,[S급] 갤럭시 S23 울트라 256GB 라벤더 (95%효율),720000,256GB,1784172094,1,256,A,Samsung
갤럭시 S23 울트라,[S급] 갤럭시 S23 울트라 512GB 라벤더 (96%효율),740000,512GB,1784164292,1,512,A,Samsung
갤럭시 S23 울트라,[S급] 갤럭시 S23 울트라 256GB 그린 (90%효율),720000,256GB,1784168207,1,256,A,Samsung
갤럭시 S23 울트라,[S급] 갤럭시 S23 울트라 256GB 라벤더 (93%효율),720000,256GB,1784112750,1,256,A,Samsung
갤럭시 S23 울트라,[A급] 갤럭시 S23 울트라 512GB 라벤더 (93%효율),669000,512GB,1784099610,1,512,B,Samsung
갤럭시 S23 울트라,[S급] 갤럭시 S23 울트라 256GB 크림 (96%효율),720000,256GB,1784109753,1,256,A,Samsung
갤럭시 S23 울트라,[S+급] 갤럭시 S23 울트라 512GB 크림 (95%효율),774000,512GB,1784167891,1,512,B,Samsung
갤럭시 S23 울트라,[S+급] 갤럭시 S23 울트라 256GB 라벤더 (99%효율),744000,256GB,1784105550,1,256,B,Samsung
갤럭시 S23 울트라,갤럭시 S23울트라 크림 256기가 A급 팔아요~,650000,256기가,1784431300,1,256,B,Samsung
갤럭시 S24,갤럭시S24플러스 256GB 판매합니다!,510000,256GB,1784690275,1,256,B,Samsung
갤럭시 S24,갤럭시S24 256GB 폰컨디션 좋음 무잔상 깨끗!,450000,256GB,1784689983,1,256,S,Samsung
갤럭시 S24,갤럭시S24 256GB 판매합니다!,495000,256GB,1784690294,1,256,B,Samsung
갤럭시 S24,갤럭시S24 512기가 바이올렛 (무잔상) / 0707,460000,512기가,1784689238,1,512,S,Samsung
갤럭시 S24,갤럭시S24플러스 256기가 바이올렛 (무잔상) / 0619,480000,256기가,1784689238,1,256,S,Samsung
갤럭시 S24,갤럭시s24FE 256기가,480000,256기가,1784689222,1,256,B,Samsung
갤럭시 S24,갤럭시s24플러스 256기가 깨끗,550000,256기가,1784689436,1,256,B,Samsung
갤럭시 S24,갤럭시s24울트라 512기가 내추럴,720000,512기가,1784689436,1,512,B,Samsung
갤럭시 S24,갤럭시S24FE 256기가 그레이 (무잔상) / 0717,430000,256기가,1784689278,1,256,S,Samsung
갤럭시 S24,갤럭시S24 256기가 옐로우 (새상품급) / 0617,560000,256기가,1784689273,1,256,S,Samsung
갤럭시 S24,갤럭시S24 256기가 블랙 (무잔상) / 0710,450000,256기가,1784689273,1,256,S,Samsung
갤럭시 S24,자급제S급 갤럭시S24 512기가 안산s24 시흥s24 수원S24 일산S,499000,512기가,1784689084,1,512,A,Samsung
갤럭시 S24,갤럭시S24 256기가 옐로우 (무잔상) / 0513,450000,256기가,1784689278,1,256,S,Samsung
갤럭시 S24,갤럭시S24FE 256기가 옐로우 (특S급) / 0619,470000,256기가,1784689243,1,256,A,Samsung
갤럭시 S24,특S급 갤럭시  S24 256GB 옐로우  무잔상 무기스 대구중고폰,455000,256GB,1784688530,1,256,S,Samsung
갤럭시 S24,갤럭시S24울트라 256GB 폰컨디션 좋음 무잔상 깨끗!,750000,256GB,1784687745,1,256,S,Samsung
갤럭시 S24,갤럭시 S24플러스 256기가 그레이 SS급,520000,256기가,1784683582,1,256,A,Samsung
갤럭시 S24,갤럭시S24 256GB 폰컨디션 좋음 무잔상 깨끗!,440000,256GB,1784685504,1,256,S,Samsung
갤럭시 S24,갤럭시S24 256기가 블랙 부산중고폰 77169순천 김해 울산 양산,470000,256기가,1784685747,1,256,B,Samsung
갤럭시 S24,S급. 갤럭시S24FE 256기가 부산중고폰 02242순천 김해 울산,470000,256기가,1784686115,1,256,A,Samsung
갤럭시 S24,갤럭시 S24FE 256gb 자급제 급처합니다!!,480000,256gb,1784685300,1,256,B,Samsung
갤럭시 S24,갤럭시 s24 퍼플 256gb,450000,256gb,1784687081,1,256,B,Samsung
갤럭시 S24,S급 풀박스 갤럭시S24 256기가 판매해요,530000,256기가,1784684360,1,256,S,Samsung
갤럭시 S24,[마지막재고]갤럭시S24플러스 [256GB],388900,256GB,1784685600,2,256,B,Samsung
갤럭시 S24,갤럭시 S24 울트라 (S928) 512기가 A급 팝니다.,800000,512기가,1784681821,1,512,B,Samsung
갤럭시 S24,[미개봉/새상품/정품]갤럭시S24울트라 [256GB],558000,256GB,1784685600,2,256,S,Samsung
갤럭시 S24,갤럭시 S24+ 512gb 블랙색상 판매합니다!,480000,512gb,1784686800,1,512,B,Samsung
갤럭시 S24,A급 삼성 갤럭시 S24 256기가 무잔상 정상해지 공기계  256gb,450000,256기가,1784682372,1,256,S,Samsung
갤럭시 S24,서울 갤럭시 S24 (S921) 바이올렛 256기가 팝니다.,435000,256기가,1784678154,1,256,B,Samsung
갤럭시 S24,SS급 삼성 갤럭시 S24 256기가 무잔상 정상해지 실버 256gb,520000,256기가,1784682372,1,256,S,Samsung
갤럭시 S24,서울 갤럭시 S24+ 플러스 (S926) 256기가 블랙 팝니다.,485000,256기가,1784679107,1,256,B,Samsung
갤럭시 S24,갤럭시 S24 울트라 (S928) 512기가 블랙 A급 팝니다,780000,512기가,1784679755,1,512,B,Samsung
갤럭시 S24,갤럭시 S24 마블그레이 256GB A급 싸게 팝니다.,470000,256GB,1784681770,1,256,B,Samsung
갤럭시 S24,서울 갤럭시 S24 (S921) 256기가 마블 그레이 25년판 팝니다.,450000,256기가,1784678450,1,256,B,Samsung
갤럭시 S24,[마지막재고]갤럭시S24울트라 [256GB],593500,256GB,1784683200,2,256,B,Samsung
갤럭시 S24 플러스,갤럭시S24플러스 256기가 블랙 부산중고폰 02729 대전 포항 통영,391000,256기가,1784618436,1,256,B,Samsung
갤럭시 S24 플러스,갤럭시S24플러스 256기가 옐로우 / 0610,470000,256기가,1784619482,1,256,B,Samsung
갤럭시 S24 플러스,갤럭시S24플러스 256기가 블랙 (무잔상) / 0605,470000,256기가,1784619507,1,256,S,Samsung
갤럭시 S24 플러스,(S급) 갤럭시S24플러스 256기가,520000,256기가,1784558468,1,256,A,Samsung
갤럭시 S24 플러스,갤럭시S24플러스 256기가 그레이 부산중고폰73084서울 광주 안양,415000,256기가,1784540615,1,256,B,Samsung
갤럭시 S24 플러스,갤럭시S24플러스 256기가 바이올렛 (S급) / 0630,500000,256기가,1784602907,1,256,A,Samsung
갤럭시 S24 플러스,갤럭시S24플러스 256기가 옐로우 (무잔상) / 0622,460000,256기가,1784534522,1,256,S,Samsung
갤럭시 S24 플러스,갤럭시S24플러스 256기가 블랙 부산중고폰02748김해 광주 경기,460000,256기가,1784510543,1,256,B,Samsung
갤럭시 S24 플러스,갤럭시S24플러스 256기가 블랙 부산중고폰 80520 서울 김해 인천,485000,256기가,1784437008,1,256,B,Samsung
갤럭시 S24 플러스,삼성갤럭시s24플러스 256기가,480000,256기가,1784269609,1,256,B,Samsung
갤럭시 S24 플러스,214795 갤럭시S24플러스 256GB 그레이 U+ 중고폰 기능정상,480000,256GB,1784289637,1,256,B,Samsung
갤럭시 S24 플러스,삼성갤럭시 S24플러스 256GB  부산 울산 김해 강릉 제천 평택 안산 대전 천안 대구 양산 구미 춘천 인천 광주 목포,590000,256GB,1784361355,1,256,B,Samsung
갤럭시 S24 플러스,갤럭시S24플러스 256기가 그레이 (S급) / 0629,500000,256기가,1784361754,1,256,A,Samsung
갤럭시 S24 플러스,213379 갤럭시S24플러스 512GB 블랙 SK 무잔상 중고폰 기능정상,600000,512GB,1784289751,1,512,S,Samsung
갤럭시 S24 플러스,갤럭시S24플러스 256기가 그레이 부산중고폰73084서울 광주 안양,425000,256기가,1784269306,1,256,B,Samsung
갤럭시 S24 플러스,갤럭시S24플러스 256기가 그레이 (무잔상) / 0629,460000,256기가,1784361754,1,256,S,Samsung
갤럭시 S24 플러스,갤럭시S24플러스 256기가 블랙 (무잔상) / 0629,480000,256기가,1784361754,1,256,S,Samsung
갤럭시 S24 플러스,갤럭시S24플러스 그레이 256GB 무잔상 상태좋은 중고51만1천팝니다,511000,256GB,1784267350,1,256,S,Samsung
갤럭시 S24 플러스,#할인가능# 갤럭시S24플러스 (S926) 256GB 그레이 AAA급,525000,256GB,1784192430,1,256,B,Samsung
갤럭시 S24 플러스,S급. 갤럭시S24플러스 256기가 그레이 부산중고폰 02856경주 대전,517000,256기가,1784188905,1,256,A,Samsung
갤럭시 S24 플러스,갤럭시S24플러스 퍼플 256GB 무잔상 상태좋은 중고51만1천팝니다,511000,256GB,1784114711,1,256,S,Samsung
갤럭시 S24 플러스,갤럭시S24플러스 옐로우 256GB,495000,256GB,1784023552,1,256,B,Samsung
갤럭시 S24 플러스,갤럭시 s24 플러스 256기가,490000,256기가,1783857671,1,256,B,Samsung
갤럭시 S24 플러스,삼성 갤럭시 S24 플러스 블랙 S급 256GB,480000,256GB,1784417484,1,256,A,Samsung
갤럭시 S24 플러스,갤럭시 S24 플러스 256GB 옐로,530000,256GB,1783699128,1,256,B,Samsung
갤럭시 S24 플러스,갤럭시 S24플러스 256기가 코발트 바이올렛,460000,256기가,1783919234,1,256,B,Samsung
갤럭시 S24 플러스,갤럭시S24플러스 블랙 256GB,495000,256GB,1783507191,1,256,B,Samsung
갤럭시 S24 플러스,048281 갤럭시S24 플러스 256GB 그레이 SK 무잔상,564000,256GB,1783925355,1,256,S,Samsung
갤럭시 S24 플러스,갤럭시S24플러스 (S926) 256GB 그레이 AAA급 - 울산중고폰,525000,256GB,1784350059,1,256,B,Samsung
갤럭시 S24 플러스,(네고 45만원 가능) 갤럭시S24플러스 256GB 바이올렛,460000,256GB,1783653885,1,256,B,Samsung
갤럭시 S24 플러스,"[,배터리 교체] 갤럭시S24플러스 512기가 스카이블루 (자급제)",560000,512기가,1783645560,1,512,B,Samsung
갤럭시 S24 플러스,갤럭시S24플러스 옐로우 256GB 부산 서면 중고폰 팝니다 004462,495000,256GB,1783485435,1,256,B,Samsung
갤럭시 S24 플러스,갤럭시 s24 플러스 256기가,415000,256기가,1784512614,1,256,B,Samsung
갤럭시 S24 플러스,[00874] 당일발송 갤럭시S24플러스 256GB 무잔상 깨끗한 특S급,498000,256GB,1783483782,1,256,S,Samsung
갤럭시 S24 플러스,삼성 갤럭시 S24 플러스 256gb,460000,256gb,1784587787,1,256,B,Samsung
갤럭시 S24 플러스,갤럭시S24플러스 퍼플 256GB 무잔상 상태좋은 중고54만6천팝니다,546000,256GB,1783597241,1,256,S,Samsung
갤럭시 S24 플러스,[A급] 갤럭시 S24 플러스 256GB 블랙 [25770],529000,256GB,1783308160,1,256,B,Samsung
갤럭시 S24 플러스,[S급] 갤럭시 S24 플러스 256GB 실버 [25771],539000,256GB,1783307872,1,256,A,Samsung
갤럭시 S24 플러스,삼성 갤럭시 S24+ 실버(마블 그레이) 256GB 풀박스,470000,256GB,1784234231,1,256,S,Samsung
갤럭시 S24 플러스,갤럭시 S24플러스 256기가,440000,256기가,1783898937,1,256,B,Samsung
갤럭시 S24 플러스,삼성 갤럭시 S24+ 라벤더 256GB,500000,256GB,1784530853,1,256,B,Samsung
갤럭시 S24 플러스,갤럭시 s24 플러스 256기가,485000,256기가,1781838530,1,256,B,Samsung
갤럭시 S24 플러스,[A급] 갤럭시24 플러스 256gb 마블그레이 팝니다,470000,256gb,1784081211,1,256,B,Samsung
갤럭시 S24 플러스,삼성 갤럭시 S24+ 512GB  마블그레이 자급제,490000,512GB,1782889325,1,512,B,Samsung
갤럭시 S24 플러스,갤럭시 S24+ 라벤더 256GB 자급제 S급,530000,256GB,1781926272,1,256,A,Samsung
갤럭시 S24 플러스,갤럭시 S24플러스 앰버옐로우 256GB 싸게 팝니다.,500000,256GB,1784433908,1,256,B,Samsung
갤럭시 S24 플러스,갤럭시s24플러스 512gb 공기계팔아요,570000,512gb,1783961268,1,512,B,Samsung
갤럭시 S24 플러스,갤럭시 S24 플러스 블랙 256GB,460000,256GB,1780363008,1,256,B,Samsung
갤럭시 S24 플러스,정상해지_ 512GB 갤럭시s24 플러스 오닉스 블랙,490000,512GB,1783052571,1,512,B,Samsung
갤럭시 S24 플러스,갤럭시S24플러스 256GB 바이올렛 S926N,575000,256GB,1783996741,1,256,B,Samsung
갤럭시 S24 플러스,갤럭시 s24플러스  256기가 바이올렛색상,545000,256기가,1780318134,1,256,B,Samsung
갤럭시 S24 플러스,ㄷ S926 갤럭시S24플러스 256GB 오닉스블랙,448000,256GB,1783825452,1,256,B,Samsung
갤럭시 S24 플러스,갤럭시S24플러스 256기가,530000,256기가,1783562902,1,256,B,Samsung
갤럭시 S24 플러스,갤럭시 S24+ 플러스 (S926) 512기가 팝니다.,470000,512기가,1780288451,1,512,B,Samsung
갤럭시 S24 플러스,갤럭시S24플러스 그레이 256GB 무잔상 상태좋은 중고53만4천팝니다,534000,256GB,1782123488,1,256,S,Samsung
갤럭시 S24 플러스,삼성 갤럭시 S21 울트라 256GB 팬텀 블랙,400000,256GB,1780967234,1,256,B,Samsung
갤럭시 S24 플러스,휴대폰 갤럭시 S24플러스+ 256GB 중고로 팝니다,450000,256GB,1779700417,1,256,B,Samsung
갤럭시 S24 플러스,갤럭시 S24플러스 오닉스 블랙 256기가  SS급 팔아요~,550000,256기가,1779700310,1,256,A,Samsung
갤럭시 S24 플러스,갤럭시 S24플러스 코발트 바이올렛 256기가  SS급 팔아요~,550000,256기가,1779693157,1,256,A,Samsung
갤럭시 S24 플러스,갤럭시24플러스 블랙 256기가,500000,256기가,1779718713,1,256,B,Samsung
갤럭시 S24 플러스,(AA급)무잔상 갤럭시 S24+플러스 256기가 그레이 부산,499000,256기가,1778202843,1,256,S,Samsung
갤럭시 S24 플러스,갤럭시 S24플러스 512GB,540000,512GB,1778731962,1,512,B,Samsung
갤럭시 S24 플러스,삼성 갤럭시S24 플러스 256GB 코발트 바이올렛 SM-S926N,523200,256GB,1777879177,1,256,B,Samsung
갤럭시 S24 플러스,삼성 갤럭시 S24플러스 512GB,500000,512GB,1774106601,1,512,B,Samsung
갤럭시 S24 울트라,갤럭시S24 울트라 티타늄블랙 256GB (중고),750000,256GB,1784640741,1,256,B,Samsung
갤럭시 S24 울트라,삼성 갤럭시 S24 울트라 256GB 티타늄 그레이,750000,256GB,1784625888,1,256,B,Samsung
갤럭시 S24 울트라,#할인가능# 갤럭시S24울트라 (S928) 256GB 블랙 무잔상 AAA급,750000,256GB,1784609700,1,256,S,Samsung
갤럭시 S25,갤럭시 S25 실버쉐도우 256GB,600000,256GB,1784689228,1,256,B,Samsung
갤럭시 S25,(5040)갤럭시s25 256gb A급 깨끗한기기 판매,615000,256gb,1784689961,1,256,B,Samsung
갤럭시 S25,갤럭시s25플러스 256기가 블루 S급,750000,256기가,1784689436,1,256,A,Samsung
갤럭시 S25,갤럭시s25 256기가 그레이,680000,256기가,1784689436,1,256,B,Samsung
갤럭시 S25,(25년개통) 갤럭시S25플러스 256기가 실버 부산중고폰 75372대구,759000,256기가,1784689055,1,256,B,Samsung
갤럭시 S25,(25년개통) 갤럭시S25플러스 256기가 실버 부산중고폰 75370대구,759000,256기가,1784688688,1,256,B,Samsung
갤럭시 S25,갤럭시s25fe 256기가 화이트 깨끗,650000,256기가,1784689401,1,256,B,Samsung
갤럭시 S25,갤럭시S25 256기가 블루 (무잔상) / 0612,640000,256기가,1784689278,1,256,S,Samsung
갤럭시 S25,갤럭시 s25 울트라 256gb 화이트 (번개페이 가능),1000000,256gb,1784688501,1,256,B,Samsung
갤럭시 S25,갤럭시 S25 256GB 아이스블루 [76357],670000,256GB,1784687565,1,256,B,Samsung
갤럭시 S25,갤럭시 s25 울트라 512GB 실버블루 S급,1030000,512GB,1784678165,1,512,A,Samsung
갤럭시 S25,갤럭시S25 256기가 네이비 부산중고폰 01893 대전 울산 경주 명지,680000,256기가,1784684645,1,256,B,Samsung
갤럭시 S25,갤럭시 s25울트라 티타늄 블랙 256기가 팝니다,950000,256기가,1784687186,1,256,B,Samsung
갤럭시 S25,[S급] 중고폰 갤럭시 S25 512GB 네이비 (99%효율),816000,512GB,1784676562,1,512,A,Samsung
갤럭시 S25,갤럭시S25엣지 512기가 중고폰 최저가 서브폰 알뜰폰,700000,512기가,1784686646,1,512,B,Samsung
갤럭시 S25,삼성 갤럭시 S25 엣지 256GB,600000,256GB,1784680012,1,256,B,Samsung
갤럭시 S25,삼성 갤럭시 S25 256기가 실버 자급제,840000,256기가,1784677173,2,256,B,Samsung
갤럭시 S25,갤럭시S25엣지 512기가 자급제 실버쉐도우 중고폰 최저가 서브폰 알뜰폰,700000,512기가,1784686648,1,512,B,Samsung
갤럭시 S25,갤럭시S25엣지 512기가 아이스블루 자급제 중고폰 최저가 서브폰 알뜰폰,700000,512기가,1784686650,1,512,B,Samsung
갤럭시 S25,A급] 갤럭시 s25+ 플러스 256기가 아이스블루  256gb 약정가능,725000,256기가,1784682372,1,256,B,Samsung
갤럭시 S25,[S급] 중고폰 갤럭시 S25 울트라 512GB 티타늄 화이트실버 (100%효율),1185000,512GB,1784676556,1,512,A,Samsung
갤럭시 S25,갤럭시 S25 엣지 512GB 티타늄 실버 색상(자급제),820000,512GB,1784671688,1,512,B,Samsung
갤럭시 S25,갤럭시 S25울트라 티타늄블랙 256GB 싸게 팝니다.,990000,256GB,1784681791,1,256,B,Samsung
갤럭시 S25,갤럭시S25FE/S24FE 미개봉/새상품/정품/전색상/256기가/삼성케어,259800,256기가,1784683200,2,256,S,Samsung
갤럭시 S25,갤럭시 S25 플러스 256GB,850000,256GB,1784673310,1,256,B,Samsung
갤럭시 S25,[미개봉]갤럭시S25/S25플러스/S25울트라 신제품특가 512기가 보유,459000,512기가,1784680500,2,512,S,Samsung
갤럭시 S25,갤럭시 s25 네이비 256GB 상태최상,629000,256GB,1784651201,1,256,B,Samsung
갤럭시 S25,삼성 갤럭시 S25 울트라 블루 색상 512기가,1090000,512기가,1784650180,1,512,B,Samsung
갤럭시 S25,당일발송 무잔상 S급 갤럭시 S25 256기가 블루 부산중고폰,695000,256기가,1784640479,1,256,S,Samsung
갤럭시 S25 플러스,(25년개통) 갤럭시S25플러스 512기가 네이비 부산중고폰 02751,782000,512기가,1784618309,1,512,B,Samsung
갤럭시 S25 플러스,갤럭시s25플러스 256기가 아이스블루 판매,720000,256기가,1784623554,1,256,B,Samsung
갤럭시 S25 플러스,갤럭시S25플러스 (S936) 256GB 블루 AAA급 - 울산중고폰,730000,256GB,1784615577,1,256,B,Samsung
갤럭시 S25 플러스,갤럭시 S25 플러스 256GB 아이스블루 [77119],745000,256GB,1784615010,1,256,B,Samsung
갤럭시 S25 플러스,갤럭시S25플러스 256기가 실버 (특S급) / 0617,770000,256기가,1784619518,1,256,A,Samsung
갤럭시 S25 플러스,(25년개통) 갤럭시S25플러스 256기가 네이비 부산중고폰 75788,750000,256기가,1784539997,1,256,B,Samsung
갤럭시 S25 플러스,(25년개통) A급. 갤럭시S25플러스 256기가 민트 02872 부산,757000,256기가,1784525619,1,256,B,Samsung
갤럭시 S25 플러스,갤럭시 S25플러스 실버 256GB,682000,256GB,1784349381,1,256,B,Samsung
갤럭시 S25 플러스,A급. 갤럭시S25플러스 256기가 실버 부산중고폰02842김해 춘천,740000,256기가,1784428545,1,256,B,Samsung
갤럭시 S25 플러스,갤럭시S25플러스 256기가 민트 부산중고폰02837서울 울산 대구,745000,256기가,1784360191,1,256,B,Samsung
갤럭시 S25 플러스,S급. 갤럭시S25플러스 256기가 실버 부산중고폰 02838대구 서울,750000,256기가,1784359819,1,256,A,Samsung
갤럭시 S25 플러스,갤럭시 s25 플러스 256기가,710000,256기가,1784603322,1,256,B,Samsung
갤럭시 S25 플러스,갤럭시 s25 플러스 256기가 (a급),755000,256기가,1784603326,1,256,B,Samsung
갤럭시 S25 플러스,#할인가능# 갤럭시S25플러스 (S936) 256GB 블루 AAA급,730000,256GB,1784187005,1,256,B,Samsung
갤럭시 S25 플러스,삼성 갤럭시 S25 플러스 실버 512기가,680000,512기가,1784166506,1,512,B,Samsung
갤럭시 S25 플러스,갤럭시 S25 플러스 / 512GB / 네이비,740000,512GB,1783920965,1,512,B,Samsung
갤럭시 S25 플러스,갤럭시 S25 플러스 / 256GB / 아이스 블루,690000,256GB,1783919551,1,256,B,Samsung
갤럭시 S25 플러스,갤럭시S25플러스 256GB 실버,682000,256GB,1783743752,1,256,B,Samsung
갤럭시 S25 플러스,갤럭시s25플러스 s급  256기가,690000,256기가,1784081714,1,256,B,Samsung
갤럭시 S25 플러스,(네고 74만원 가능) 갤럭시S25플러스 256GB 블루,750000,256GB,1784002478,1,256,B,Samsung
갤럭시 S25 플러스,(25년개통) 갤럭시S25플러스 256기가 네이비 부산중고폰 75788,760000,256기가,1783935308,1,256,B,Samsung
갤럭시 S25 플러스,삼성 겔럭시 S25+ 아이스블루 색상 256GB,680000,256GB,1784101844,1,256,B,Samsung
갤럭시 S25 플러스,삼성 갤럭시 S25 플러스 256GB,700000,256GB,1783432884,1,256,B,Samsung
갤럭시 S25 플러스,[B등급] 갤럭시 S25+ 256GB 블루,710000,256GB,1781853567,1,256,B,Samsung
갤럭시 S25 플러스,삼성 갤럭시 S25+ SM-S936N 512기가,730000,512기가,1781681719,1,512,B,Samsung
갤럭시 S25 플러스,갤럭시S25플러스아이스 블루256GB 무기스 무결점SSS급 풀박스,860000,256GB,1784335535,1,256,S,Samsung
갤럭시 S25 플러스,갤럭시 s25 플러스 256기가,720000,256기가,1779529257,1,256,B,Samsung
갤럭시 S25 플러스,갤럭시 s25 플러스 256기가 (a급),765000,256기가,1779931874,1,256,B,Samsung
갤럭시 S25 플러스,갤럭시 S25 + 256GB,650000,256GB,1776997125,1,256,B,Samsung
갤럭시 S25 플러스,(25년개통) 갤럭시S25플러스 256기가 네이비 부산중고폰 75788,786000,256기가,1780902215,1,256,B,Samsung
갤럭시 S25 플러스,갤럭시 S25 플러스 256GB 민트 (상태 최상),720000,256GB,1778139319,1,256,B,Samsung
갤럭시 S25 플러스,갤럭시 S25플러스 512GB 네이비색상 깨끗 자급제,820000,512GB,1776491208,1,512,B,Samsung
갤럭시 S25 플러스,갤럭시 s25+ 256기가 실버쉐도우 자급제,670000,256기가,1775278534,1,256,B,Samsung
갤럭시 S25 플러스,갤럭시 S25플러스 네이비 512GB,850000,512GB,1774325400,1,512,B,Samsung
갤럭시 S25 플러스,갤럭시 S25플러스 실버색상 512GB,790000,512GB,1778990990,1,512,B,Samsung
갤럭시 S25 플러스,갤럭시 S25플러스 512GB 민트색상,810000,512GB,1774492729,1,512,B,Samsung
갤럭시 S25 플러스,갤럭시 s25 플러스 256GB 아이스 블루 S급,800000,256GB,1774775588,1,256,A,Samsung
갤럭시 S25 플러스,갤럭시S25플러스 민트 256GB 무잔상 상태좋은 중고82만4천팝니다,824000,256GB,1776681390,1,256,S,Samsung
갤럭시 S25 플러스,갤럭시s25+ 256기가 s급 판매,820000,256기가,1774699706,1,256,B,Samsung
갤럭시 S25 플러스,삼성 갤럭시s25+ 256기가 실버 판매합니다 실사용9개월,800000,256기가,1773675239,1,256,B,Samsung
갤럭시 S25 울트라,갤럭시S25울트라 블랙 A급 512GB,1030000,512GB,1784544143,1,512,B,Samsung
갤럭시 S25 울트라,갤럭시 S25 울트라 자급제 512GB 티타늄 실버,1050000,512GB,1784553855,1,512,B,Samsung
갤럭시 S25 울트라,[S+급] 중고폰 갤럭시 S25 울트라 256GB 티타늄 블랙 (97%효율),1218000,256GB,1784509774,1,256,B,Samsung
갤럭시 S25 울트라,갤럭시S25울트라 256기가 실버블루 (무잔상) / 0520,970000,256기가,1784516037,1,256,S,Samsung
갤럭시 S25 울트라,삼성 갤럭시 S25 울트라 실버 256GB 팝니다 !!,950000,256GB,1784263681,1,256,B,Samsung
갤럭시 S25 울트라,갤럭시 S25 울트라 256GB 화이트실버,1100000,256GB,1784210520,1,256,B,Samsung
갤럭시 S25 울트라,[S+급] 중고폰 갤럭시 S25 울트라 256GB 티타늄 블랙 (99%효율),1218000,256GB,1784173293,1,256,B,Samsung
갤럭시 S25 울트라,[S+급] 중고폰 갤럭시 S25 울트라 256GB 티타늄 실버블루 (99%효율),1218000,256GB,1784173892,1,256,B,Samsung
갤럭시 S25 울트라,215986 갤럭시S25울트라 256GB 실버블루 AA급 무잔상 SK 중고폰,1176000,256GB,1784206521,1,256,S,Samsung
갤럭시 S25 울트라,[S급] 중고폰 갤럭시 S25 울트라 512GB 티타늄 그레이 (99%효율),1185000,512GB,1784169394,1,512,A,Samsung
갤럭시 S25 울트라,[S+급] 갤럭시 S25 울트라 256GB 티타늄 그레이 (100%효율),1218000,256GB,1784113652,1,256,B,Samsung
갤럭시 S25 울트라,[S+급] 갤럭시 S25 울트라 256GB 티타늄 블랙 (99%효율),1218000,256GB,1784114257,1,256,B,Samsung
갤럭시 S25 울트라,[S급] 중고폰 갤럭시 S25 울트라 256GB 티타늄 화이트실버 (100%효율),1166000,256GB,1784172391,1,256,A,Samsung
갤럭시 S25 울트라,[S급] 중고폰 갤럭시 S25 울트라 256GB 티타늄 실버블루 (100%효율),1166000,256GB,1784164891,1,256,A,Samsung
갤럭시 S25 울트라,[S급] 중고폰 갤럭시 S25 울트라 512GB 티타늄 실버블루 (98%효율),1185000,512GB,1784167292,1,512,A,Samsung
갤럭시 S25 울트라,[PRIME급] 갤럭시 S25 울트라 256GB 티타늄 실버블루 (99%효율),1357000,256GB,1784110649,1,256,B,Samsung
갤럭시 S25 울트라,[S+급] 중고폰 갤럭시 S25 울트라 256GB 티타늄 화이트실버 (96%효율),1218000,256GB,1784170591,1,256,B,Samsung
갤럭시 S25 울트라,[PRIME급] 중고폰 갤럭시 S25 울트라 256GB 티타늄 화이트실버 (98%효율),1357000,256GB,1784163094,1,256,B,Samsung
갤럭시 S25 울트라,갤럭시 S25 울트라 5G 512GB,1010000,512GB,1784521720,1,512,B,Samsung
갤럭시 S25 울트라,갤럭시s25울트라 512GB,950000,512GB,1783850391,1,512,B,Samsung
갤럭시 S25 울트라,갤럭시S25울트라 그레이 512GB Y2054,1069000,512GB,1784023270,1,512,B,Samsung
갤럭시 S25 울트라,갤럭시S25울트라 블루 256GB Y1942,1048000,256GB,1784009715,1,256,B,Samsung
갤럭시 Z플립3,리퍼급 갤럭시  Z플립3 256GB 블랙 무잔상 포항중고폰  대구중고폰,195000,256GB,1784689043,1,256,S,Samsung
갤럭시 Z플립3,갤럭시z플립3 256기가 765920 9,100000,256기가,1784683763,1,256,B,Samsung
갤럭시 Z플립3,!!자급제!! 갤럭시Z플립3 크림 256GB 04889 울산중고폰,135000,256GB,1784620030,1,256,B,Samsung
갤럭시 Z플립3,(네고 8만5천원 가능) 갤럭시Z플립3 256GB 블랙,95000,256GB,1784606915,1,256,B,Samsung
갤럭시 Z플립3,갤럭시Z플립3 블랙 256GB 상태좋은 중고15만1000원팝니다,151000,256GB,1784631513,1,256,B,Samsung
갤럭시 Z플립3,갤럭시 Z플립3 256GB 라벤더 공기계,120000,256GB,1784597746,1,256,B,Samsung
갤럭시 Z플립3,갤럭시Z플립3 256기가 퍼플 *가성비굿굿~/#043837,99000,256기가,1784527787,1,256,B,Samsung
갤럭시 Z플립3,갤럭시Z플립3 (F711N) 핑크 256기가 (0304072),196000,256기가,1784513367,1,256,B,Samsung
갤럭시 Z플립3,[자급제] A급. 갤럭시Z플립3 256기가 그린 부산중고폰 02990,192000,256기가,1784436264,1,256,B,Samsung
갤럭시 Z플립3,A급. 갤럭시Z플립3 256기가 라벤더 부산중고폰 02925 서울 명지,203000,256기가,1784436141,1,256,B,Samsung
갤럭시 Z플립3,A급. 갤럭시Z플립3 256기가 블랙 부산중고폰 02909 서울 명지,192000,256기가,1784431152,1,256,B,Samsung
갤럭시 Z플립3,[무료배송] 삼성 갤럭시 Z플립3 256gb 크림,100000,256gb,1784208483,1,256,B,Samsung
갤럭시 Z플립3,무잔상)갤럭시Z플립3 화이트 256GB Y1999,187000,256GB,1784099704,1,256,S,Samsung
갤럭시 Z플립3,갤럭시Z플립3 라벤더 256GB 부산 서면 중고폰 팝니다 000285,165000,256GB,1784090424,1,256,B,Samsung
갤럭시 Z플립3,(자급제) 갤럭시Z플립3 256기가 크림 부산중고폰 02981서울 명지,180000,256기가,1784077793,1,256,B,Samsung
갤럭시 Z플립3,LG 갤럭시Z플립3 (F711N) 블랙 256기가 (0062695),123000,256기가,1783915735,1,256,B,Samsung
갤럭시 Z플립3,[자급제] A급. 갤럭시Z플립3 256기가 그린 부산중고폰02990김해,195000,256기가,1783754197,1,256,B,Samsung
갤럭시 Z플립3,갤럭시Z플립3 라벤더 256GB 부산 서면 중고폰 팝니다 009006,187000,256GB,1783215421,1,256,B,Samsung
갤럭시 Z플립3,갤럭시 Z플립3 라벤더 512기가 A급 팔아요,230000,512기가,1783474039,1,512,B,Samsung
갤럭시 Z플립3,A급. 갤럭시Z플립3 256기가 라벤더 부산중고폰 02925 서울 수원,207000,256기가,1783407483,1,256,B,Samsung
갤럭시 Z플립3,갤럭시Z플립3 256GB,187000,256GB,1782198463,1,256,B,Samsung
갤럭시 Z플립3,A급. 갤럭시Z플립3 256기가 블랙 부산중고폰 02909서울 수원 여수,195000,256기가,1783407943,1,256,B,Samsung
갤럭시 Z플립3,삼성 갤럭시 Z플립3 블랙 256기가,160000,256기가,1783956409,1,256,B,Samsung
갤럭시 Z플립3,갤럭시Z플립3 라벤더 256GB 부산 서면 중고폰 팝니다 122547,187000,256GB,1782185558,1,256,B,Samsung
갤럭시 Z플립3,성능 S급 갤럭시 Z 플립3 5G 256GB 블랙 판매합니다,230000,256GB,1784690050,1,256,A,Samsung
갤럭시 Z플립3,삼성 갤럭시 Z 플립3 256GB,80000,256GB,1784591895,1,256,B,Samsung
갤럭시 Z플립3,삼성 갤럭시 Z 플립 3 256GB,110000,256GB,1784189799,1,256,B,Samsung
갤럭시 Z플립3,삼성 갤럭시 Z 플립 3 퍼플 256GB,149000,256GB,1783732802,1,256,B,Samsung
갤럭시 Z플립3,삼성 갤럭시 Z 플립 3 블랙 색상 256기가,70000,256기가,1772771383,1,256,B,Samsung
갤럭시 Z플립3,삼성 갤럭시 Z 플립3 크림 256GB,155000,256GB,1768009598,1,256,B,Samsung
갤럭시 Z플립3,갤럭시 Z 플립3 제트플립 256GB 라벤더 (직거래 가능),150000,256GB,1755834236,1,256,B,Samsung
갤럭시 Z플립3,갤럭시Z플립4 512기가 블루 *대용량가성비굿~/#732600,115000,512기가,1784630077,1,512,B,Samsung
갤럭시 Z플립3,갤럭시Z플립4 256기가 블루 *가성비굿굿~/#739837,118000,256기가,1784644886,1,256,B,Samsung
갤럭시 Z플립4,갤럭시Z플립4 256기가 라벤더 (무잔상) / 0629,240000,256기가,1784689278,1,256,S,Samsung
갤럭시 Z플립4,갤럭시Z플립4 256기가 블루 부산중고폰 02267순천 김해 울산 양산,230000,256기가,1784685564,1,256,B,Samsung
갤럭시 Z플립4,갤럭시z플립4 512기가 블루,350000,512기가,1784685796,1,512,B,Samsung
갤럭시 Z플립4,갤럭시 z플립4 A급 512GB,190000,512GB,1784634231,1,512,B,Samsung
갤럭시 Z플립4,#할인가능# 갤럭시Z플립4 플립4 (F721) 256GB 그라파이트 AAA급,230000,256GB,1784632121,1,256,B,Samsung
갤럭시 Z플립4,SK 갤럭시Z플립4 (F721N) 블랙 256기가 (5004699),102000,256기가,1784607625,1,256,B,Samsung
갤럭시 Z플립4,[자급제] A급. 갤럭시Z플립4 256기가 퍼플 부산중고폰02805울산,240000,256기가,1784611341,1,256,B,Samsung
갤럭시 Z플립4,갤럭시Z플립4 블랙 256GB 무잔상 가성비좋은 중고12만8천팝니다,128000,256GB,1784632445,1,256,S,Samsung
갤럭시 Z플립4,갤럭시Z플립4 플립4 (F721) 256GB 그라파이트 AAA급 - 울산,230000,256GB,1784615627,1,256,B,Samsung
갤럭시 Z플립4,[S급] 갤럭시 Z플립4 256GB 퍼플,290000,256GB,1784613764,1,256,A,Samsung
갤럭시 Z플립4,갤럭시z플립4 512기가 블루 17228,249000,512기가,1784627680,1,512,B,Samsung
갤럭시 Z플립4,갤럭시z플립4 256기가 골드 94971,170000,256기가,1784627695,1,256,B,Samsung
갤럭시 Z플립4,갤럭시 Z플립4 256GB 초SSS 제품팝니다,240000,256GB,1784613434,1,256,B,Samsung
갤럭시 Z플립4,갤럭시Z플립4 256기가 골드 *가성비굿굿굿~/#880359,120000,256기가,1784610325,1,256,B,Samsung
갤럭시 Z플립4,갤럭시 Z플립4블루 512GB 무잔상 정상공기기 중고폰,180000,512GB,1784585367,1,512,S,Samsung
갤럭시 Z플립4,갤럭시Z플립4 256기가 퍼플 부산중고폰 72740서울 광주 제주 울산,220000,256기가,1784539505,1,256,B,Samsung
갤럭시 Z플립4,갤럭시Z플립4 256기가 블루 *가성비굿굿~/#473310,115000,256기가,1784547599,1,256,B,Samsung
갤럭시 Z플립4,삼성 갤럭시 Z플립 4 256GB,190000,256GB,1784547725,1,256,B,Samsung
갤럭시 Z플립4,갤럭시Z플립4 256기가 화이트 *가성비굿~/#116561,108000,256기가,1784551604,1,256,B,Samsung
갤럭시 Z플립4,삼성 갤럭시 Z 플립4 512GB,230000,512GB,1784687938,1,512,B,Samsung
갤럭시 Z플립4,갤럭시 Z 플립4 라벤더 512GB,203000,512GB,1783947531,1,512,B,Samsung
갤럭시 Z플립4,(A급) 자급제 갤럭시 Z 플립4 512GB 골드,280000,512GB,1783717875,1,512,B,Samsung
갤럭시 Z플립4,갤럭시 Z 플립 4 256기가 중고폰 판매합니다,235000,256기가,1783931960,1,256,B,Samsung
갤럭시 Z플립4,갤럭시 z 플립 4 블루 256GB,270000,256GB,1782999193,1,256,B,Samsung
갤럭시 Z플립4,삼성 갤럭시 Z 플립 4 256GB 크림,130000,256GB,1782440587,1,256,B,Samsung
갤럭시 Z플립4,갤럭시Z 플립4 512기가 그라파이트 (자급제),220000,512기가,1780756209,1,512,B,Samsung
갤럭시 Z플립4,삼성 갤럭시 Z 플립4 (핑크/256GB) 외관 아주 깨끗/정상작동,200000,256GB,1779691370,1,256,B,Samsung
갤럭시 Z플립4,갤럭시 z 플립 4 256GB,120000,256GB,1773201509,1,256,B,Samsung
갤럭시 Z플립4,삼성 갤럭시 Z 플립4 퍼플 512gb(풀박),190000,512gb,1774172411,1,512,B,Samsung
갤럭시 Z플립4,갤럭시 Z 플립4 판매합니다 (256GB) 27>25,250000,256GB,1771652399,1,256,B,Samsung
갤럭시 Z플립4,삼성 갤럭시 Z Flip4 512GB 블랙,126200,512GB,1771587674,1,512,B,Samsung
갤럭시 Z플립4,갤럭시 Z Flip4 256GB 블루,220000,256GB,1769720504,1,256,B,Samsung
갤럭시 Z플립4,삼성 갤럭시 Z 플립 4 화이트 256GB,330000,256GB,1767439161,1,256,B,Samsung
갤럭시 Z플립4,갤럭시 z 플립4 512기가 저렴하게 판매합니다,230000,512기가,1766236301,1,512,B,Samsung
갤럭시 Z플립4,!!갤럭시 Z 플립 4 퍼플 256기가!!,260000,256기가,1763364175,1,256,B,Samsung
갤럭시 Z플립4,삼성 갤럭시Z 플립4 256GB 정상해지 공기계,200000,256GB,1761838316,1,256,B,Samsung
갤럭시 Z플립4,삼성 갤럭시 Z 플립 4 보라퍼플 514기가,298000,514기가,1760888898,1,514,B,Samsung
갤럭시 Z플립4,삼성 갤럭시 Z 플립4 256GB 로즈골드  판매합니다.,215000,256GB,1759304067,1,256,B,Samsung
갤럭시 Z플립4,S급 갤럭시 Z Flip 4 256gb 화이트 / 기본+알뜰 통신사 모두,240000,256gb,1759286468,1,256,A,Samsung
갤럭시 Z플립4,갤럭시 Z 플립4 라벤더 256GB,180000,256GB,1757683898,1,256,B,Samsung
갤럭시 Z플립4,갤럭시 z 플립4 퍼플 256gb,100000,256gb,1779941431,1,256,B,Samsung
갤럭시 Z플립4,갤럭시 Z Flip Z플립4 256기가,250000,256기가,1754268050,1,256,B,Samsung
갤럭시 Z플립4,갤럭시 Z 플립4 256GB그라파이트(블랙) 판매합니다.,200000,256GB,1754017949,1,256,B,Samsung
갤럭시 Z플립4,갤럭시z 플립4 512GB 그라파이트(블랙),249000,512GB,1756821381,1,512,B,Samsung
갤럭시 Z플립4,갤럭시 Z 플립4 256gb,130000,256gb,1761073888,1,256,B,Samsung
갤럭시 Z플립5,갤럭시Z플립5 256기가 크림 부산중고폰 02868 원주 명지 가평 경산,259000,256기가,1784689973,1,256,B,Samsung
갤럭시 Z플립5,[A-급] 갤럭시 Z플립5 256GB 퍼플 라벤더 저렴하게 판매,290000,256GB,1784684482,1,256,B,Samsung
갤럭시 Z플립5,외관 S급 갤럭시 Z플립5 512기가 민트 512GB 화면문제(lcd멍),190000,512기가,1784682372,1,512,A,Samsung
갤럭시 Z플립5,삼성 갤럭시 Z플립5 256GB무잔상,435000,256GB,1784680891,1,256,S,Samsung
갤럭시 Z플립5,(AA급)무잔상 갤럭시 Z플립5 256기가 화이트 부산,379000,256기가,1784642768,1,256,S,Samsung
갤럭시 Z플립5,AA급)무잔상 갤럭시 Z플립5 256기가 화이트 부산,369000,256기가,1784606738,1,256,S,Samsung
갤럭시 Z플립5,갤럭시 z플립5 256기가,95000,256기가,1784643752,1,256,B,Samsung
갤럭시 Z플립5,삼성 갤럭시 Z플립5 민트 256GB,430000,256GB,1784619671,1,256,B,Samsung
갤럭시 Z플립5,갤럭시Z플립5 그라파이트 256GB Y2070,197000,256GB,1784627093,1,256,B,Samsung
갤럭시 Z플립5,갤럭시Z플립5 그라파이트 256GB Y2069,197000,256GB,1784626537,1,256,B,Samsung
갤럭시 Z플립5,갤럭시 Z플립5 512GB 내부액정고장,130000,512GB,1784616659,1,512,F,Samsung
갤럭시 Z플립5,갤럭시Z플립5 라벤더 256GB 04891 울산중고폰,190000,256GB,1784620322,1,256,B,Samsung
갤럭시 Z플립5,갤럭시Z플립5 256기가 민트 (무잔상) / 0720,340000,256기가,1784612913,1,256,S,Samsung
갤럭시 Z플립5,갤럭시Z플립5 512기가 민트 (무잔상) / 0720,210000,512기가,1784611891,1,512,S,Samsung
갤럭시 Z플립5,(네고 18만원 가능) 갤럭시Z플립5 256GB 민트,190000,256GB,1784606454,1,256,B,Samsung
갤럭시 Z플립5,갤럭시Z플립5 256기가 크림 부산중고폰 80279 대전 포항 경주,299000,256기가,1784618815,1,256,B,Samsung
갤럭시 Z플립5,갤럭시Z플립5 블랙 256GB 무잔상 가성비좋은 중고25만6천팝니다,256000,256GB,1784631928,1,256,S,Samsung
갤럭시 Z플립5,갤럭시 Z플립5 512GB,450000,512GB,1784610213,1,512,B,Samsung
갤럭시 Z플립5,갤럭시 Z플립5 256GB 스마트폰,155000,256GB,1784635939,1,256,B,Samsung
갤럭시 Z플립5,갤럭시 Z플립5 256GB 스마트폰,171000,256GB,1784635943,1,256,B,Samsung
갤럭시 Z플립5,갤럭시 Z플립5 512GB 라벤더,360000,512GB,1784613768,1,512,B,Samsung
갤럭시 Z플립5,갤럭시Z플립5 512기가 블랙 *대용량가성비굿~/#602300,150000,512기가,1784621825,1,512,B,Samsung
갤럭시 Z플립5,갤럭시Z플립5 512기가 민트 *대용량가성비굿~/#896860,150000,512기가,1784527128,1,512,B,Samsung
갤럭시 Z플립5,갤럭시Z플립5 256기가 그라파이트 부산중고폰 02740 해남 춘천,322000,256기가,1784521565,1,256,B,Samsung
갤럭시 Z플립5,S급 갤럭시Z플립5 256기가 라벤더 부산중고폰 02789 해남 춘천,322000,256기가,1784599180,1,256,A,Samsung
갤럭시 Z플립5,S급. 갤럭시Z플립5 256기가 라벤더 부산중고폰 02789대전 울산,320000,256기가,1784597891,1,256,A,Samsung
갤럭시 Z플립5,[S+급] 갤럭시 Z플립5 256GB 민트 (98%효율),474000,256GB,1784507370,1,256,B,Samsung
갤럭시 Z플립5,갤럭시Z플립5 민트 256GB 부산 서면 중고폰 팝니다 39866,297000,256GB,1784446938,1,256,B,Samsung
갤럭시 Z플립5,갤럭시Z플립5 민트 256GB 부산 서면 중고폰 팝니다 39860,297000,256GB,1784437465,1,256,B,Samsung
갤럭시 Z플립5,갤럭시Z플립5 256기가 라벤더 부산중고폰 02892 명지 파주 대전,293000,256기가,1784436636,1,256,B,Samsung
갤럭시 Z플립5,갤럭시Z플립5 256기가 라벤더 부산중고폰 02929 명지 파주 대전,316000,256기가,1784436388,1,256,B,Samsung
갤럭시 Z플립5,갤럭시Z플립5 256기가 라벤더 (무잔상) / 0622,330000,256기가,1784516037,1,256,S,Samsung
갤럭시 Z플립5,삼성 갤럭시 Z 플립5 256GB 스마트폰 급처,160000,256GB,1784622611,1,256,B,Samsung
갤럭시 Z플립5,갤럭시 Z 플립5 블랙 256GB 판매해요,250000,256GB,1784622547,1,256,B,Samsung
갤럭시 Z플립5,"갤럭시z 플립5, 512gb, 외관 s급, 풀박스",280000,512gb,1784622353,1,512,S,Samsung
갤럭시 Z플립5,삼성 갤럭시 Z 플립5  256GB 팝니다,250000,256GB,1784628521,1,256,B,Samsung
갤럭시 Z플립5,[S급/풀박스] 갤럭시 Z 플립5 512GB 크림 (배터리 수명 좋음),450000,512GB,1784550514,1,512,S,Samsung
갤럭시 Z플립5,S급 갤럭시 Z 플립5 256기가 라벤더 256GB 판매합니다,300000,256기가,1784515123,1,256,A,Samsung
갤럭시 Z플립5,갤럭시Z 플립5_512GB 판매합니다.!!,397000,512GB,1783595715,1,512,B,Samsung
갤럭시 Z플립5,(가격제안가능)삼성 갤럭시 Z 플립5 라벤더 256GB,350000,256GB,1784089944,1,256,B,Samsung
갤럭시 Z플립5,(직거래 가능)삼성 갤럭시 Z 플립5 실버 256GB 자급제!!,250000,256GB,1783832036,1,256,B,Samsung
갤럭시 Z플립5,삼성 갤럭시 Z 플립 5 256GB 민트,300000,256GB,1783479828,1,256,B,Samsung
갤럭시 Z플립5,갤럭시 Z 플립5 256gb 크림,280000,256gb,1782732176,1,256,B,Samsung
갤럭시 Z플립5,삼성 갤럭시 Z 플립5 256GB 옐로우,400000,256GB,1782019543,1,256,B,Samsung
갤럭시 Z플립5,갤럭시 Z 플립5 라벤더 색상 256GB,250000,256GB,1782948405,1,256,B,Samsung
갤럭시 Z플립5,삼성 갤럭시 Z 플립5 512GB S급,330000,512GB,1784476056,1,512,A,Samsung
갤럭시 Z플립5,삼성 갤럭시 Z 플립5 라벤더 256GB,350000,256GB,1781519783,1,256,B,Samsung
갤럭시 Z플립5,수리하고 보관한 갤럭시 Z 플립5 512GB 민트 폰 판매합니다.,400000,512GB,1781427321,1,512,B,Samsung
갤럭시 Z플립5,가격제시) 삼성 갤럭시 Z 플립5 512GB,300000,512GB,1780574456,1,512,B,Samsung
갤럭시 Z플립5,갤럭시 Z Flip5 블랙 색상 512GB 모델 판매합니다.,200000,512GB,1775386561,1,512,B,Samsung
갤럭시 Z플립5,갤럭시 Z Flip5 256GB 크림색상,270000,256GB,1773917504,1,256,B,Samsung
갤럭시 Z플립5,삼성 갤럭시 Z 플립5 블랙 512기가,250000,512기가,1783603485,1,512,B,Samsung
갤럭시 Z플립5,"갤럭시 Z 플립5.512GB,",450000,512GB,1773120353,1,512,B,Samsung
갤럭시 Z플립5,갤럭시 Z 플립5 512기가,279000,512기가,1770793187,1,512,B,Samsung
갤럭시 Z플립5,삼성 갤럭시 Z Flip5 블랙 512GB 풀박스,370000,512GB,1770428108,1,512,S,Samsung
갤럭시 Z플립5,(부품용) 삼성 갤럭시 Z 플립 5 그린 256 기가,90000,256 기가,1770342323,1,256,F,Samsung
갤럭시 Z플립5,갤럭시 Z 플립5 자급제 512GB,260000,512GB,1768920913,1,512,B,Samsung
갤럭시 Z플립5,갤럭시 Z 플립5 크림 512gb 올갈이 새상품급(올리퍼),450000,512gb,1767410969,1,512,S,Samsung
갤럭시 Z플립5,갤럭시 Z 플립5 512GB 블랙 올수리,450000,512GB,1766156159,1,512,B,Samsung
갤럭시 Z플립5,갤럭시 Z 플립5 팬텀 블랙 512GB,400000,512GB,1753155033,1,512,B,Samsung
갤럭시 Z플립5,갤럭시 플립5 256gb 블랙색상 판매합니다~!,230000,256gb,1784685300,1,256,B,Samsung
갤럭시 Z폴드3,리퍼급 갤럭시 Z폴드3 256GB 블랙 무잔상 무기스 대구중고폰 서울중고,459000,256GB,1784689055,1,256,S,Samsung
갤럭시 Z폴드3,[B등급] 갤럭시 Z폴드3 5G 256GB 블랙,380000,256GB,1784186148,1,256,B,Samsung
갤럭시 Z폴드3,갤럭시Z폴드7 블루 256GB 무잔상 상태좋은 중고154만3천팝니다,1543000,256GB,1783075562,1,256,S,Samsung
갤럭시 Z폴드3,갤럭시Z폴드3 실버컬러 256기가 판매해요,265000,256기가,1782286484,1,256,B,Samsung
갤럭시 Z폴드3,리퍼급 갤럭시  Z폴드3 256GB 블랙 무잔상 무기스  대구중고폰,465000,256GB,1782962688,1,256,S,Samsung
갤럭시 Z폴드3,SK 갤럭시Z폴드3 (F926N) 블랙 512기가 (0121363),207000,512기가,1784359956,1,512,B,Samsung
갤럭시 Z폴드3,갤럭시Z폴드3 블랙 512기가 판매합니다.,110000,512기가,1766847934,1,512,B,Samsung
갤럭시 Z폴드3,갤럭시z폴드3 5g 512기가,450000,512기가,1779445308,1,512,B,Samsung
갤럭시 Z폴드3,갤럭시 z폴드3 블랙 512gb,180000,512gb,1754019312,1,512,B,Samsung
갤럭시 Z폴드3,갤럭시Z폴드3 256GB 블랙 팝니다 (내용참고),385000,256GB,1783316283,1,256,B,Samsung
갤럭시 Z폴드3,갤럭시 Z폴드6 256GB 그레이 [77203],850000,256GB,1784687565,1,256,B,Samsung
갤럭시 Z폴드3,갤럭시z폴드6 스페셜에디션 512기가 743552,1370000,512기가,1784683763,1,512,B,Samsung
갤럭시 Z폴드3,갤럭시Z폴드6 블루 256GB 486238 울산중고폰,805000,256GB,1784616825,1,256,B,Samsung
갤럭시 Z폴드3,갤럭시Z폴드5 256기가 블루 부산중고폰 03010 서울 인천 대구 김해,248000,256기가,1784612443,1,256,B,Samsung
갤럭시 Z폴드3,!!보증기간유효!! 갤럭시Z폴드7 블랙 512GB 488103 울산중고폰,1435000,512GB,1784618616,1,512,B,Samsung
갤럭시 Z폴드3,갤럭시 폴드3 512GB 실버,230000,512GB,1780063625,1,512,B,Samsung
갤럭시 Z폴드3,Galaxy Z Fold3  팬텀 실버 256GB,537000,256GB,1783686451,1,256,B,Samsung
갤럭시 Z폴드4,갤럭시z폴드4 256GB 판매합니다!,420000,256GB,1784690302,1,256,B,Samsung
갤럭시 Z폴드4,갤럭시 Z폴드4 256GB 베이지 [77546],460000,256GB,1784687565,1,256,B,Samsung
갤럭시 Z폴드4,갤럭시 Z폴드4 블랙 256GB 부품용 싸게 팝니다.,160000,256GB,1784681800,1,256,F,Samsung
갤럭시 Z폴드4,갤럭시Z폴드4 256GB,420000,256GB,1784634561,1,256,B,Samsung
갤럭시 Z폴드4,갤럭시Z폴드4 256GB,500000,256GB,1784634339,1,256,B,Samsung
갤럭시 Z폴드4,[B등급]  갤럭시 Z폴드4 256GB 블랙,550000,256GB,1784615710,1,256,B,Samsung
갤럭시 Z폴드4,갤럭시 Z폴드4 블랙 256GB 부품용 싸게 팝니다.,170000,256GB,1784633513,1,256,F,Samsung
갤럭시 Z폴드4,갤럭시 Z폴드4 블랙 256GB,148000,256GB,1784589870,1,256,B,Samsung
갤럭시 Z폴드4,갤럭시Z폴드4 그린 256GB 무잔상 가성비좋은 중고40만6천팝니다,406000,256GB,1784270578,1,256,S,Samsung
갤럭시 Z폴드4,갤럭시Z폴드4 그린 256GB Y1819,455000,256GB,1784100399,1,256,B,Samsung
갤럭시 Z폴드4,SK 갤럭시Z폴드4 (F936N) 블랙 256기가 (0072122),259000,256기가,1784002297,1,256,B,Samsung
갤럭시 Z폴드4,LG 갤럭시Z폴드4 (F936N) 블랙 256기가 (0376651),217000,256기가,1783916491,1,256,B,Samsung
갤럭시 Z폴드4,특S급 갤럭시 Z폴드4 256GB 그린 무잔상 대구중고폰 홍천중고폰,479000,256GB,1784084215,1,256,S,Samsung
갤럭시 Z폴드4,SK 갤럭시Z폴드4 (F936N) 블랙 512기가 (0118078),175000,512기가,1783391356,1,512,B,Samsung
갤럭시 Z폴드4,KT 갤럭시Z폴드4 (F936N) 그레이 256기가 (0068662),165000,256기가,1783304135,1,256,B,Samsung
갤럭시 Z폴드4,LG 갤럭시Z폴드4 (F936N) 블랙 512기가 (0062320),165000,512기가,1783048189,1,512,B,Samsung
갤럭시 Z폴드4,특S급 갤럭시  Z폴드4 256GB 그린 무잔상 대구중고폰  강릉중고폰,485000,256GB,1783055053,1,256,S,Samsung
갤럭시 Z폴드4,갤럭시 z폴드4 256GB,440000,256GB,1781496436,1,256,B,Samsung
갤럭시 Z폴드4,[B등급] 갤럭시 Z폴드4  256GB 골드,550000,256GB,1781254655,1,256,B,Samsung
갤럭시 Z폴드4,KT 갤럭시Z폴드4 (F936N) 그레이 256기가 (0445769),144000,256기가,1783153887,1,256,B,Samsung
갤럭시 Z폴드4,!!512기가!! 갤럭시Z폴드4 블랙 512GB 04393 울산중고폰,445000,512기가,1781506801,1,512,B,Samsung
갤럭시 Z폴드4,LG 갤럭시Z폴드4 (F936N) 그레이 256기가 (0241903),165000,256기가,1783988982,1,256,B,Samsung
갤럭시 Z폴드4,SK 갤럭시Z폴드4 (F936N) 그레이 256기가 (0229127),149000,256기가,1783383732,1,256,B,Samsung
갤럭시 Z폴드4,갤럭시 z폴드4 256gb,400000,256gb,1779950996,1,256,B,Samsung
갤럭시 Z폴드4,KT 갤럭시Z폴드4 (F936N) 블랙 256기가 (0401271),196000,256기가,1783223706,1,256,B,Samsung
갤럭시 Z폴드4,갤럭시 z폴드4 256기가 내부액정 파손,130000,256기가,1780898778,1,256,F,Samsung
갤럭시 Z폴드4,갤럭시Z폴드4 256GB 베이지,340000,256GB,1775529849,1,256,B,Samsung
갤럭시 Z폴드4,갤럭시 Z폴드4 베이지 256기가 A급 팔아요~,520000,256기가,1773161880,1,256,B,Samsung
갤럭시 Z폴드4,삼성 갤럭시 Z폴드4 256GB 베이지,475000,256GB,1769425471,1,256,B,Samsung
갤럭시 Z폴드4,갤럭시 Z폴드4 512GB 블랙 팔아요(ss급),510000,512GB,1769591447,1,512,B,Samsung
갤럭시 Z폴드4,갤럭시 Z폴드4 512GB 블랙,380000,512GB,1762408984,1,512,B,Samsung
갤럭시 Z폴드4,갤럭시 Z폴드4 256GB 버건디,495000,256GB,1762409296,1,256,B,Samsung
갤럭시 Z폴드4,갤럭시 Z Fold 4 골드 512gb 올갈이,510000,512gb,1758873722,1,512,B,Samsung
갤럭시 Z폴드4,갤럭시 Z Fold 4 급쳐 256기가,320000,256기가,1758193052,1,256,B,Samsung
갤럭시 Z폴드4,갤럭시 Z Fold4 512GB,850000,512GB,1780304250,1,512,B,Samsung
갤럭시 Z폴드4,삼성 갤럭시 Z 폴드4 (Z Fold4) 512기가 내외부액정 정상,400000,512기가,1777164649,1,512,B,Samsung
갤럭시 Z폴드5,A급 ㅡ 갤럭시 Z폴드5 256GB,720000,256GB,1784685660,1,256,B,Samsung
갤럭시 Z폴드5,갤럭시 Z폴드5 256GB 블랙 판매합니다,490000,256GB,1784610128,1,256,B,Samsung
갤럭시 Z폴드5,삼성 갤럭시 Z폴드5 512GB 블랙 자급제 S급 기기단품,640000,512GB,1784608167,1,512,A,Samsung
갤럭시 Z폴드5,갤럭시 z폴드5 256gb 팝니다,450000,256gb,1784511813,1,256,B,Samsung
갤럭시 Z폴드5,갤럭시Z폴드5 256기가 블루 부산중고폰 03010 명지 파주 대전,230000,256기가,1784431399,1,256,B,Samsung
갤럭시 Z폴드5,215003 갤럭시Z폴드5 512GB 블랙 KT 중고폰,600000,512GB,1784093713,1,512,B,Samsung
갤럭시 Z폴드5,갤럭시Z폴드5 256기가 블루 부산중고폰 69080 대구 인천 청주 서울,598000,256기가,1784171009,1,256,B,Samsung
갤럭시 Z폴드5,갤럭시Z폴드5 256기가 블루 부산중고폰 03010 명지 파주 대전,248000,256기가,1784085460,1,256,B,Samsung
갤럭시 Z폴드5,센터판 갤럭시 Z폴드5 256GB 블랙 영천 서울 구미 영천 대구중고폰,759000,256GB,1784253616,1,256,B,Samsung
갤럭시 Z폴드5,갤럭시z폴드5 512gb 자급제 판매합니다,500000,512gb,1783415744,1,512,B,Samsung
갤럭시 Z폴드5,갤럭시Z폴드5 256기가 블루 부산중고폰 03010 서울 파주 경기,230000,256기가,1783932357,1,256,B,Samsung
갤럭시 Z폴드5,갤럭시 z폴드5 512GB,930000,512GB,1781583059,1,512,B,Samsung
갤럭시 Z폴드5,갤럭시 Z폴드5 화이트 512GB 풀박스 S급,670000,512GB,1781861689,1,512,S,Samsung
갤럭시 Z폴드5,삼성 갤럭시z폴드5 256gb판매합니다,580000,256gb,1781594549,1,256,B,Samsung
갤럭시 Z폴드5,(부산중고폰) 갤럭시z폴드5 블루 256기가 액정배터리 새제품 판매해요,735000,256기가,1779938921,1,256,B,Samsung
갤럭시 Z폴드5,갤럭시 z폴드 5 512기가,500000,512기가,1773201863,1,512,B,Samsung
갤럭시 Z폴드5,갤럭시 Z폴드 5 256GB,208000,256GB,1776828056,1,256,B,Samsung
갤럭시 Z폴드5,갤럭시 z폴드5 512gb 크림 61만,610000,512gb,1769182623,1,512,B,Samsung
갤럭시 Z폴드5,갤럭시 Z폴드 5 512gb 크림색,575000,512gb,1769787547,1,512,B,Samsung
갤럭시 Z폴드5,갤럭시 Z폴드5 512GB 블루,630000,512GB,1762414506,1,512,B,Samsung
갤럭시 Z폴드5,갤럭시Z폴드5 / 512GB / 10-55,650000,512GB,1761708831,1,512,B,Samsung
갤럭시 Z폴드5,갤럭시 z폴드5 256GB,500000,256GB,1761003681,1,256,B,Samsung
갤럭시 Z폴드5,급처 갤럭시 z폴드 5 512기가,420000,512기가,1761206581,1,512,B,Samsung
갤럭시 Z폴드5,삼성 갤럭시 z폴드5 256기가 팝니다,600000,256기가,1756873098,1,256,B,Samsung
갤럭시 Z폴드5,갤럭시 Z폴드5 / 512GB /센터판 / 8-44,750000,512GB,1758597762,1,512,B,Samsung
갤럭시 Z폴드5,갤럭시 Z폴드5 / S급 / 512GB / 7-19,640000,512GB,1758595557,1,512,A,Samsung
갤럭시 Z폴드5,겔럭시폴드5 내부액정새거 512기가,530000,512기가,1784687553,1,512,B,Samsung
갤럭시 Z폴드5,삼성 갤럭시 Z 폴드 5 민트 256GB,550000,256GB,1784681779,1,256,B,Samsung
갤럭시 Z폴드5,갤럭시 Z Fold5 256GB LG 정상해지 공기계 A급,789000,256GB,1784013637,1,256,B,Samsung
갤럭시 Z폴드5,Galaxy Z Fold6 256gb 실버쉐도우,930000,256gb,1759976545,1,256,B,Samsung
갤럭시 Z폴드5,Galaxy Z Fold2 256GB A급 배송비 포함,229000,256GB,1756022190,1,256,B,Samsung
갤럭시 Z폴드5,삼성 갤럭시 Z Fold6 512기가,900000,512기가,1777497103,1,512,B,Samsung
